ID	Shellder_279	Shellder_442	Shellder_452	Shellder_610	Shellder_620	Shellder_625	Shellder_627	Shellder_632	Shellder_635	Shellder_648	Shellder_658	Shellder_665	Shellder_667	Shellder_668	Shellder_671	Shellder_677	Shellder_680	Shellder_795	Shellder_1363	Shellder_1602	Shellder_1870	Shellder_2110	Shellder_2701	Shellder_2735	Shellder_2804	Shellder_2858	Shellder_3048	Shellder_3833	Shellder_3941	Shellder_4585	Shellder_4682	Shellder_4824	Shellder_4976	Shellder_5154	Shellder_5321	Shellder_5727	Shellder_5809	Shellder_6023	Shellder_6473
SRR10728582.cleaned	-1	-1	-1	0.82	0.86	0.11	0.84	0.41	0.5	0.97	0.09	0.57	1.0	0.48	0.48	1.0	0.92	-1	-1	-1	-1	-1	-1	-1	-1	-1	-1	-1	-1	-1	-1	-1	-1	-1	-1	-1	-1	-1	-1
SRR1560087.cleaned	1.0	1.0	0.97	1.0	1.0	0.96	0.98	0.99	0.99	0.97	0.86	0.99	1.0	0.99	0.99	1.0	1.0	1.0	1.0	1.0	0.86	1.0	0.97	0.98	1.0	1.0	1.0	0.85	1.0	1.0	1.0	1.0	1.0	1.0	0.95	0.96	1.0	0.97	1.0
SRR1560095.cleaned	1.0	0.99	0.97	1.0	1.0	0.9	0.98	0.9	0.92	1.0	0.87	0.98	1.0	1.0	1.0	1.0	1.0	0.86	1.0	1.0	0.91	0.88	1.0	1.0	1.0	0.74	1.0	0.94	1.0	1.0	1.0	1.0	1.0	0.84	1.0	0.79	0.88	1.0	1.0
SRR1560103.cleaned	1.0	1.0	0.88	1.0	0.93	0.9	0.97	0.94	0.92	1.0	0.84	0.97	0.97	0.97	0.97	1.0	1.0	1.0	1.0	1.0	1.0	1.0	0.86	0.79	1.0	0.83	1.0	0.72	1.0	-1	1.0	0.81	1.0	0.96	0.96	1.0	1.0	0.91	1.0
SRR1560108.cleaned	1.0	1.0	0.88	1.0	1.0	0.98	1.0	1.0	1.0	0.98	0.92	1.0	1.0	1.0	1.0	0.98	1.0	1.0	1.0	1.0	1.0	1.0	1.0	1.0	0.81	0.87	1.0	0.96	1.0	0.97	0.84	1.0	1.0	0.9	1.0	1.0	1.0	1.0	1.0
SRR1560132.cleaned	1.0	0.89	0.93	0.99	0.99	0.88	0.96	0.84	0.85	0.98	0.74	0.9	0.99	0.89	0.9	1.0	0.97	1.0	1.0	1.0	1.0	1.0	0.76	1.0	1.0	0.85	1.0	0.87	1.0	1.0	1.0	1.0	0.84	0.77	0.64	1.0	1.0	0.8	1.0
SRR1560147.cleaned	0.79	1.0	0.88	0.99	0.97	0.9	0.97	0.81	0.89	1.0	0.79	0.92	1.0	0.9	0.93	0.98	1.0	1.0	1.0	0.95	1.0	1.0	0.91	1.0	1.0	0.96	1.0	1.0	0.82	1.0	1.0	1.0	1.0	0.95	0.95	0.93	1.0	0.92	0.8
SRR1560148.cleaned	1.0	1.0	0.92	1.0	1.0	0.9	0.98	0.99	0.98	0.99	0.76	0.97	1.0	1.0	1.0	1.0	0.98	1.0	0.88	1.0	1.0	1.0	0.86	1.0	1.0	1.0	1.0	0.75	1.0	0.89	1.0	0.94	1.0	1.0	0.9	1.0	1.0	0.87	1.0
SRR1560268.cleaned	1.0	1.0	0.81	1.0	1.0	0.85	0.97	0.82	0.84	0.97	0.75	0.94	0.99	0.94	0.93	1.0	0.99	1.0	1.0	1.0	1.0	1.0	1.0	1.0	1.0	1.0	0.81	1.0	0.84	1.0	1.0	1.0	1.0	1.0	1.0	1.0	1.0	1.0	1.0
SRR1560275.cleaned	1.0	1.0	0.84	0.99	0.97	0.85	0.96	0.86	0.83	0.98	0.81	0.91	0.97	0.96	0.92	0.96	0.97	1.0	1.0	0.88	1.0	1.0	0.82	1.0	0.99	0.99	1.0	0.84	1.0	1.0	1.0	1.0	1.0	0.96	0.98	0.87	1.0	0.99	1.0
SRR19973828.cleaned	-1	-1	-1	0.82	0.6	0.2	0.92	0.62	0.62	0.94	0.14	0.63	1.0	0.62	0.63	1.0	0.88	-1	-1	-1	-1	-1	-1	-1	-1	-1	-1	-1	-1	-1	-1	-1	-1	-1	-1	-1	-1	-1	-1
SRR6425993.cleaned	-1	-1	-1	0.81	0.9	0.46	0.88	0.43	0.46	0.89	0.13	0.81	0.85	0.86	0.87	0.88	0.85	-1	-1	-1	-1	-1	-1	-1	-1	-1	-1	-1	-1	-1	-1	-1	-1	-1	-1	-1	-1	-1	-1
