ID	spoink_139	spoink_200	spoink_272	spoink_332	spoink_414	spoink_799	spoink_1310	spoink_1536	spoink_1554	spoink_1558	spoink_1565	spoink_1566	spoink_1569	spoink_1571	spoink_1581	spoink_1587	spoink_1593	spoink_1596	spoink_1611	spoink_1613	spoink_1615	spoink_1894	spoink_1908	spoink_1911	spoink_1918	spoink_1927	spoink_1929	spoink_1932	spoink_1941	spoink_1950	spoink_1956	spoink_1965	spoink_1971	spoink_1972	spoink_1974	spoink_1978	spoink_1984	spoink_1985	spoink_1992	spoink_1995	spoink_1996	spoink_2001	spoink_2009	spoink_2010	spoink_2031	spoink_2037	spoink_2040	spoink_2052	spoink_2061	spoink_2062	spoink_2067	spoink_2068	spoink_2070	spoink_2073	spoink_2085	spoink_2088	spoink_2097	spoink_2100	spoink_2101	spoink_2103	spoink_2106	spoink_2107	spoink_2108	spoink_2112	spoink_2130	spoink_2133	spoink_2139	spoink_2145	spoink_2160	spoink_2163	spoink_2172	spoink_2177	spoink_2181	spoink_2183	spoink_2190	spoink_2193	spoink_2196	spoink_2202	spoink_2211	spoink_2214	spoink_2217	spoink_2223	spoink_2226	spoink_2232	spoink_2238	spoink_2243	spoink_2250	spoink_2264	spoink_2268	spoink_2275	spoink_2294	spoink_2298	spoink_2307	spoink_2310	spoink_2313	spoink_2314	spoink_2316	spoink_2328	spoink_2335	spoink_2339	spoink_2346	spoink_2364	spoink_2377	spoink_2379	spoink_2387	spoink_2388	spoink_2390	spoink_2391	spoink_2399	spoink_2406	spoink_2412	spoink_2427	spoink_2430	spoink_2437	spoink_2449	spoink_2451	spoink_2463	spoink_2464	spoink_2482	spoink_2487	spoink_2493	spoink_2494	spoink_2508	spoink_2509	spoink_2511	spoink_2520	spoink_2524	spoink_2526	spoink_2535	spoink_2536	spoink_2562	spoink_2571	spoink_2577	spoink_2638	spoink_2643	spoink_2649	spoink_2661	spoink_2664	spoink_2670	spoink_2673	spoink_2676	spoink_2682	spoink_2683	spoink_2686	spoink_2688	spoink_2691	spoink_2700	spoink_2703	spoink_2736	spoink_2742	spoink_2748	spoink_2758	spoink_2760	spoink_2767	spoink_2778	spoink_2784	spoink_2787	spoink_2793	spoink_2796	spoink_2799	spoink_2805	spoink_2808	spoink_2814	spoink_2817	spoink_2820	spoink_2824	spoink_2847	spoink_2848	spoink_2850	spoink_2853	spoink_2862	spoink_2863	spoink_2882	spoink_2886	spoink_2895	spoink_2898	spoink_2906	spoink_2910	spoink_2913	spoink_2920	spoink_2921	spoink_2922	spoink_2923	spoink_2924	spoink_2931	spoink_2937	spoink_2940	spoink_2943	spoink_2968	spoink_2973	spoink_2982	spoink_2988	spoink_2994	spoink_3000	spoink_3006	spoink_3012	spoink_3015	spoink_3018	spoink_3024	spoink_3027	spoink_3029	spoink_3033	spoink_3037	spoink_3042	spoink_3105	spoink_3228	spoink_3233	spoink_3241	spoink_3243	spoink_3247	spoink_3261	spoink_3263	spoink_3279	spoink_3283	spoink_3292	spoink_3294	spoink_3295	spoink_3296	spoink_3297	spoink_3300	spoink_3312	spoink_3315	spoink_3333	spoink_3336	spoink_3339	spoink_3345	spoink_3348	spoink_3357	spoink_3364	spoink_3387	spoink_3399	spoink_3404	spoink_3405	spoink_3406	spoink_3407	spoink_3423	spoink_3432	spoink_3435	spoink_3438	spoink_3441	spoink_3444	spoink_3457	spoink_3462	spoink_3465	spoink_3469	spoink_3483	spoink_3492	spoink_3506	spoink_3507	spoink_3509	spoink_3510	spoink_3519	spoink_3523	spoink_3531	spoink_3539	spoink_3543	spoink_3547	spoink_3549	spoink_3552	spoink_3555	spoink_3567	spoink_3568	spoink_3587	spoink_3591	spoink_3609	spoink_3610	spoink_3614	spoink_3615	spoink_3627	spoink_3629	spoink_3636	spoink_3639	spoink_3642	spoink_3645	spoink_3652	spoink_3656	spoink_3660	spoink_3667	spoink_3672	spoink_3674	spoink_3679	spoink_3681	spoink_3698	spoink_3699	spoink_3702	spoink_3705	spoink_3729	spoink_3734	spoink_3735	spoink_3741	spoink_3747	spoink_3750	spoink_3755	spoink_3756	spoink_3762	spoink_3765	spoink_3777	spoink_3786	spoink_3789	spoink_3798	spoink_3861	spoink_3870	spoink_3871	spoink_3873	spoink_3885	spoink_3888	spoink_3891	spoink_3894	spoink_3897	spoink_3898	spoink_3900	spoink_3906	spoink_3909	spoink_3921	spoink_3924	spoink_3927	spoink_3945	spoink_3957	spoink_3966	spoink_3978	spoink_3981	spoink_4079	spoink_4084	spoink_4086	spoink_4109	spoink_4115	spoink_4116	spoink_4117	spoink_4118	spoink_4122	spoink_4123	spoink_4124	spoink_4128	spoink_4130	spoink_4131	spoink_4137	spoink_4143	spoink_4149	spoink_4155	spoink_4257	spoink_4334	spoink_4415	spoink_4441	spoink_4447	spoink_4450	spoink_4456	spoink_4522	spoink_4642	spoink_4644	spoink_4652	spoink_4654	spoink_4655	spoink_4657	spoink_4660	spoink_4662	spoink_4663	spoink_4664	spoink_4665	spoink_4666	spoink_4667	spoink_4668	spoink_4669	spoink_4670	spoink_4671	spoink_4672	spoink_4673	spoink_4674	spoink_4675	spoink_4676	spoink_4681	spoink_4684	spoink_4687	spoink_4793	spoink_4829	spoink_4831	spoink_4836	spoink_4844	spoink_4852	spoink_4872	spoink_5006	spoink_5139	spoink_5199
SRR14138506.cleaned	-1	-1	-1	-1	-1	-1	-1	-1	0.0	0.0	0.0	0.0	0.0	0.0	0.0	0.0	0.0	0.0	-1	-1	-1	-1	-1	-1	-1	-1	-1	-1	-1	-1	-1	-1	-1	-1	-1	-1	-1	-1	-1	-1	-1	-1	-1	-1	0.0	0.0	0.0	0.05	0.09	0.09	0.09	0.09	0.09	0.09	1.0	-1	-1	-1	-1	-1	-1	-1	-1	-1	0.98	0.98	0.98	0.97	0.95	1.0	0.95	0.93	0.12	0.12	0.0	0.12	0.0	0.12	-1	-1	-1	-1	-1	0.0	1.0	1.0	0.98	0.97	0.99	0.9	0.98	0.98	0.06	0.05	0.05	0.05	0.8	-1	-1	-1	-1	0.0	1.0	1.0	0.0	0.0	1.0	0.0	0.82	0.96	0.88	1.0	1.0	1.0	0.92	1.0	1.0	0.82	1.0	1.0	1.0	1.0	0.0	0.0	0.35	1.0	1.0	1.0	1.0	0.42	0.0	0.0	-1	-1	-1	0.0	0.0	0.36	0.73	0.27	0.27	0.74	0.28	0.92	0.0	0.8	0.83	0.17	1.0	1.0	1.0	0.68	0.0	0.0	0.0	-1	-1	-1	-1	-1	-1	-1	-1	-1	-1	-1	1.0	1.0	1.0	1.0	0.42	0.89	0.9	1.0	0.14	1.0	0.94	0.96	0.96	1.0	0.92	0.06	1.0	1.0	0.08	-1	-1	-1	0.09	0.08	0.0	-1	0.0	0.67	0.67	1.0	0.32	0.33	1.0	1.0	1.0	1.0	1.0	0.04	-1	1.0	1.0	1.0	1.0	1.0	1.0	0.98	0.88	1.0	1.0	0.0	0.0	0.0	0.0	0.0	1.0	1.0	1.0	1.0	1.0	1.0	1.0	0.94	1.0	1.0	1.0	0.87	0.94	0.94	1.0	1.0	1.0	1.0	1.0	1.0	1.0	1.0	1.0	1.0	1.0	1.0	1.0	-1	-1	-1	-1	1.0	1.0	1.0	1.0	1.0	0.87	1.0	1.0	1.0	0.98	0.98	1.0	0.61	0.76	0.7	1.0	1.0	1.0	1.0	-1	-1	-1	-1	-1	-1	-1	1.0	1.0	0.9	1.0	1.0	0.95	1.0	1.0	1.0	0.24	1.0	1.0	1.0	0.0	0.0	0.0	0.0	0.0	0.0	0.69	-1	-1	-1	-1	-1	-1	-1	-1	-1	-1	-1	-1	-1	1.0	0.0	0.0	0.77	1.0	1.0	1.0	1.0	1.0	0.0	0.0	-1	-1	-1	-1	-1	-1	-1	-1	-1	-1	-1	-1	-1	-1	-1	-1	-1	-1	-1	-1	-1	-1	-1	-1	-1	-1	0.91	1.0	1.0	1.0	1.0	1.0	1.0	1.0	1.0	1.0	1.0	1.0	1.0	1.0	1.0	1.0	1.0	1.0	1.0	1.0	1.0	1.0	0.76	0.8	0.92	-1	0.0	0.0	0.0	0.0	0.0	1.0	-1	-1	-1
SRR14138507.cleaned	-1	-1	-1	-1	-1	-1	-1	-1	-1	-1	-1	-1	-1	-1	-1	-1	-1	-1	-1	-1	-1	-1	-1	-1	1.0	0.0	0.0	0.0	0.0	0.18	0.0	-1	-1	-1	-1	-1	-1	-1	-1	-1	-1	0.0	1.0	0.0	0.0	0.0	0.0	0.0	0.0	0.0	0.0	0.0	0.0	0.0	0.93	-1	-1	-1	-1	-1	-1	-1	-1	-1	1.0	1.0	1.0	1.0	1.0	1.0	1.0	1.0	0.0	0.0	0.0	0.0	0.0	0.0	-1	-1	-1	-1	-1	0.0	1.0	1.0	1.0	0.94	1.0	0.95	1.0	1.0	0.0	0.0	0.0	0.0	0.88	0.0	-1	-1	-1	0.0	1.0	1.0	0.0	0.0	1.0	0.0	0.89	0.99	0.82	1.0	1.0	1.0	0.86	1.0	1.0	0.91	1.0	1.0	1.0	1.0	0.0	0.0	0.33	1.0	1.0	1.0	1.0	0.61	0.0	0.0	0.0	-1	-1	0.0	0.0	0.32	0.78	0.22	0.2	0.82	0.17	0.93	0.0	0.88	0.9	0.11	1.0	1.0	1.0	0.75	0.0	0.0	-1	-1	-1	-1	-1	-1	-1	-1	-1	-1	-1	-1	1.0	1.0	1.0	1.0	0.49	0.94	0.88	1.0	0.1	1.0	0.9	1.0	1.0	1.0	0.93	0.0	1.0	1.0	-1	-1	-1	-1	-1	-1	-1	-1	-1	0.89	0.89	1.0	0.11	0.11	0.98	1.0	0.98	0.98	1.0	0.02	-1	1.0	1.0	1.0	1.0	1.0	1.0	0.97	0.83	1.0	1.0	0.0	0.0	0.0	0.0	0.0	1.0	1.0	1.0	1.0	1.0	1.0	1.0	0.91	1.0	1.0	1.0	0.88	0.93	0.93	1.0	1.0	1.0	1.0	1.0	1.0	1.0	1.0	1.0	1.0	1.0	1.0	1.0	0.0	0.0	0.0	0.63	1.0	1.0	1.0	1.0	1.0	0.93	1.0	1.0	1.0	0.95	0.96	1.0	0.57	0.73	0.71	1.0	1.0	1.0	1.0	-1	-1	-1	-1	-1	-1	-1	1.0	1.0	1.0	1.0	1.0	0.98	1.0	1.0	1.0	0.27	1.0	1.0	1.0	0.0	0.0	0.0	0.0	0.0	0.0	0.64	-1	-1	-1	-1	-1	-1	-1	0.0	1.0	0.0	0.0	0.11	0.0	0.9	0.0	0.0	0.82	1.0	1.0	1.0	1.0	1.0	0.0	0.0	-1	-1	-1	-1	-1	-1	-1	-1	-1	-1	-1	-1	-1	-1	-1	-1	-1	-1	-1	-1	-1	-1	-1	-1	-1	-1	0.88	1.0	1.0	1.0	1.0	1.0	1.0	1.0	1.0	1.0	1.0	1.0	1.0	1.0	1.0	1.0	1.0	1.0	1.0	1.0	1.0	1.0	0.67	0.77	0.82	-1	0.0	0.0	0.0	0.0	0.0	1.0	-1	-1	-1
SRR5514394.cleaned	0.02	0.73	1.0	-1	0.99	1.0	0.88	0.99	1.0	0.98	0.98	1.0	0.97	0.98	0.99	-1	1.0	0.94	0.97	1.0	0.98	0.6	0.93	0.98	0.86	0.99	1.0	0.96	0.96	-1	0.99	1.0	0.96	0.99	-1	0.98	0.99	0.97	0.99	1.0	1.0	1.0	0.85	1.0	0.98	0.98	-1	0.94	0.99	0.99	1.0	1.0	1.0	1.0	1.0	0.99	0.98	1.0	1.0	0.99	1.0	1.0	0.98	0.99	0.04	0.0	0.0	0.07	0.99	0.06	0.96	-1	0.95	-1	0.97	0.98	0.98	0.98	0.99	1.0	1.0	0.91	0.88	1.0	0.01	0.01	0.09	1.0	0.14	0.98	0.07	0.04	1.0	1.0	0.97	0.83	1.0	1.0	1.0	1.0	1.0	-1	0.01	0.06	0.91	0.97	1.0	0.94	-1	0.31	1.0	0.1	0.0	0.21	1.0	0.12	0.08	0.98	0.01	0.02	0.01	0.0	-1	1.0	0.99	0.0	0.0	-1	0.06	0.98	0.94	1.0	0.94	0.98	1.0	1.0	0.99	1.0	0.91	1.0	0.86	0.99	0.95	1.0	0.97	1.0	0.99	0.85	0.16	0.11	0.02	1.0	0.93	0.96	1.0	1.0	0.99	0.99	0.99	1.0	1.0	0.98	1.0	0.99	1.0	0.99	0.04	0.07	0.05	0.16	0.95	0.98	0.99	0.09	0.62	0.0	0.99	0.01	0.05	-1	1.0	0.99	1.0	1.0	0.99	1.0	1.0	1.0	-1	0.99	1.0	0.98	0.97	1.0	0.99	0.01	0.97	0.96	0.99	0.01	0.99	0.99	0.99	0.97	1.0	0.02	0.01	0.02	0.38	0.02	0.03	1.0	0.03	0.04	0.89	1.0	1.0	0.99	0.99	1.0	0.01	0.0	0.0	0.0	0.0	0.0	0.0	-1	0.02	0.09	0.09	0.98	0.13	-1	0.83	0.18	0.0	0.0	0.0	0.0	0.0	0.05	0.11	0.04	0.89	0.0	0.09	0.99	1.0	0.99	0.99	0.01	0.0	0.03	0.05	0.02	0.99	0.01	0.03	0.07	0.76	0.9	0.88	0.95	0.68	0.98	0.21	0.1	0.35	0.09	0.99	0.99	1.0	-1	0.97	0.99	1.0	-1	0.04	0.97	0.25	0.03	1.0	0.04	0.1	0.06	0.99	0.01	0.0	0.0	0.99	-1	1.0	1.0	-1	1.0	1.0	0.93	0.99	1.0	-1	1.0	0.99	0.96	1.0	1.0	1.0	0.99	-1	0.99	0.98	0.99	0.98	1.0	0.01	-1	0.0	0.04	0.01	1.0	0.99	1.0	1.0	1.0	0.98	1.0	0.98	0.98	1.0	0.99	0.93	-1	0.93	0.82	0.99	1.0	0.99	-1	1.0	0.99	0.79	0.11	0.99	0.99	0.99	0.99	0.89	0.97	0.73	0.88	0.79	0.77	0.83	0.76	0.8	0.75	0.62	0.7	0.65	0.84	0.82	0.71	0.83	0.85	0.88	0.81	0.77	0.7	0.86	0.99	1.0	1.0	0.89	0.98	0.97	0.97	0.97	0.97	0.86	0.12	1.0	-1
SRR5860570.cleaned	-1	-1	-1	-1	-1	-1	-1	-1	-1	-1	-1	-1	-1	-1	-1	-1	-1	-1	-1	-1	-1	-1	-1	-1	-1	-1	-1	-1	-1	-1	-1	-1	-1	-1	-1	-1	-1	-1	-1	-1	-1	-1	-1	-1	0.0	0.0	0.0	0.0	-1	-1	-1	-1	-1	-1	-1	-1	-1	-1	-1	-1	-1	-1	-1	-1	1.0	1.0	1.0	1.0	0.98	1.0	0.98	0.97	0.04	0.04	0.0	0.07	0.0	0.07	-1	-1	-1	-1	-1	0.0	1.0	1.0	1.0	0.87	1.0	0.94	1.0	1.0	0.0	0.0	0.0	0.0	0.8	-1	-1	-1	-1	0.0	1.0	1.0	0.0	0.0	1.0	0.0	0.89	1.0	0.9	1.0	1.0	1.0	0.84	1.0	1.0	0.88	1.0	1.0	1.0	1.0	0.0	0.0	0.29	1.0	1.0	1.0	1.0	0.75	0.0	0.0	0.0	-1	-1	-1	0.0	0.42	0.68	0.32	0.32	0.71	0.29	0.85	0.0	0.82	0.84	0.16	1.0	1.0	1.0	0.81	0.0	0.0	-1	-1	-1	-1	-1	-1	-1	-1	-1	-1	-1	-1	1.0	1.0	1.0	1.0	0.4	0.89	0.9	1.0	0.27	1.0	0.91	1.0	1.0	1.0	0.84	0.0	1.0	1.0	0.0	-1	-1	-1	-1	-1	-1	-1	-1	0.81	0.81	1.0	0.19	0.2	0.97	1.0	0.97	0.97	0.97	0.03	-1	1.0	1.0	1.0	1.0	1.0	1.0	0.88	0.84	1.0	1.0	0.0	0.04	0.0	0.0	0.0	1.0	1.0	1.0	1.0	1.0	1.0	1.0	0.76	1.0	1.0	1.0	0.89	0.91	0.91	1.0	1.0	1.0	1.0	1.0	1.0	1.0	1.0	1.0	1.0	1.0	1.0	1.0	0.0	0.0	0.0	0.42	1.0	1.0	1.0	1.0	1.0	0.87	1.0	1.0	1.0	0.95	0.96	1.0	0.49	0.85	0.8	1.0	1.0	1.0	1.0	-1	-1	-1	-1	-1	-1	-1	1.0	1.0	0.96	1.0	1.0	0.98	1.0	1.0	1.0	0.22	1.0	1.0	1.0	-1	-1	-1	-1	0.0	0.0	-1	-1	-1	-1	-1	-1	-1	-1	0.0	1.0	0.0	0.0	0.33	0.0	0.74	0.0	0.0	0.97	1.0	1.0	1.0	1.0	1.0	0.0	0.0	-1	-1	-1	-1	-1	-1	-1	-1	-1	-1	-1	-1	-1	-1	-1	-1	-1	-1	-1	-1	-1	-1	-1	-1	-1	-1	0.96	0.98	1.0	1.0	1.0	1.0	1.0	1.0	1.0	1.0	1.0	1.0	1.0	1.0	1.0	1.0	1.0	1.0	1.0	1.0	1.0	1.0	0.93	0.99	1.0	-1	-1	-1	-1	-1	-1	-1	-1	-1	-1
SRR5860573.cleaned	-1	-1	-1	-1	-1	-1	-1	-1	-1	-1	-1	-1	-1	-1	-1	-1	-1	-1	-1	-1	-1	-1	-1	-1	-1	-1	-1	-1	-1	-1	-1	-1	-1	-1	-1	-1	-1	-1	-1	-1	-1	-1	-1	-1	0.0	0.0	0.0	0.0	-1	-1	-1	-1	-1	-1	-1	-1	-1	-1	-1	-1	-1	-1	-1	-1	1.0	1.0	1.0	0.96	0.97	1.0	0.94	0.92	0.12	0.12	0.0	0.17	0.0	0.17	-1	-1	-1	-1	-1	-1	1.0	1.0	1.0	0.98	1.0	0.93	1.0	1.0	0.0	0.0	0.0	0.0	0.86	-1	-1	-1	-1	-1	1.0	1.0	0.0	0.0	1.0	0.0	0.71	0.98	0.93	1.0	1.0	1.0	0.78	1.0	1.0	0.85	1.0	1.0	1.0	1.0	-1	-1	-1	1.0	1.0	1.0	1.0	0.42	0.0	-1	-1	-1	-1	-1	0.0	0.4	0.7	0.3	0.3	0.74	0.26	0.9	0.0	0.8	0.83	0.18	1.0	1.0	1.0	0.81	0.0	-1	-1	-1	-1	-1	-1	-1	-1	-1	-1	-1	-1	-1	1.0	1.0	1.0	1.0	0.45	0.86	0.95	1.0	0.13	1.0	0.89	1.0	1.0	1.0	1.0	-1	-1	-1	-1	-1	-1	-1	-1	-1	-1	-1	-1	0.96	0.96	1.0	0.04	0.04	1.0	1.0	1.0	1.0	1.0	0.0	-1	1.0	1.0	1.0	1.0	1.0	0.97	0.97	0.89	1.0	1.0	-1	-1	-1	-1	-1	1.0	1.0	1.0	1.0	1.0	1.0	1.0	0.84	1.0	1.0	1.0	0.88	0.85	0.88	1.0	1.0	1.0	1.0	1.0	1.0	1.0	1.0	1.0	1.0	1.0	1.0	1.0	0.0	0.0	0.0	0.53	1.0	1.0	1.0	1.0	1.0	0.96	0.95	1.0	1.0	0.94	0.94	1.0	0.55	0.83	0.74	1.0	1.0	1.0	1.0	-1	-1	-1	-1	-1	-1	-1	1.0	1.0	1.0	1.0	1.0	0.89	1.0	1.0	1.0	0.26	1.0	1.0	1.0	-1	-1	-1	-1	-1	-1	0.55	-1	-1	-1	-1	-1	-1	-1	0.0	1.0	0.0	-1	-1	-1	0.88	0.0	0.0	0.77	1.0	1.0	1.0	1.0	1.0	0.0	0.0	-1	-1	-1	-1	-1	-1	-1	-1	-1	-1	-1	-1	-1	-1	-1	-1	-1	-1	-1	-1	-1	-1	-1	-1	-1	-1	0.98	1.0	1.0	1.0	1.0	1.0	1.0	1.0	1.0	1.0	1.0	1.0	1.0	1.0	1.0	1.0	1.0	1.0	1.0	1.0	1.0	1.0	0.94	1.0	1.0	-1	-1	-1	0.0	0.0	0.0	1.0	-1	-1	-1
SRR5860582.cleaned	-1	-1	-1	-1	-1	-1	-1	-1	-1	-1	-1	-1	-1	-1	-1	-1	-1	-1	-1	-1	-1	-1	-1	-1	-1	-1	-1	-1	-1	-1	-1	-1	-1	-1	-1	-1	-1	-1	-1	-1	-1	-1	-1	-1	0.04	0.04	0.04	0.04	0.08	0.08	0.08	0.08	0.08	0.08	0.83	-1	-1	-1	-1	-1	-1	-1	-1	-1	1.0	0.98	0.94	0.94	0.95	0.98	0.94	0.93	0.21	0.21	0.07	0.33	0.13	0.33	-1	-1	-1	-1	-1	0.04	0.97	0.98	1.0	0.9	1.0	0.94	0.95	0.95	0.12	0.12	0.12	0.12	1.0	0.18	-1	-1	-1	0.11	0.97	0.93	0.03	0.04	1.0	0.0	0.82	0.97	0.96	0.99	0.97	0.99	0.82	0.99	0.99	0.81	1.0	1.0	1.0	1.0	0.0	0.05	0.36	1.0	0.96	0.96	0.95	0.29	0.05	0.08	-1	-1	-1	0.14	0.05	0.34	0.74	0.27	0.26	0.78	0.22	0.84	0.0	0.85	0.87	0.14	1.0	1.0	1.0	0.85	0.0	0.0	0.07	-1	-1	-1	-1	-1	-1	-1	-1	-1	-1	-1	0.97	0.97	0.97	0.97	0.36	0.95	0.87	0.98	0.25	0.94	0.86	0.9	0.9	1.0	0.94	-1	-1	-1	-1	-1	-1	-1	-1	-1	-1	-1	-1	0.76	0.76	0.97	0.24	0.24	1.0	1.0	1.0	1.0	1.0	0.0	-1	0.95	0.96	0.96	0.96	0.96	0.96	0.96	0.83	1.0	1.0	0.0	0.0	0.0	0.0	0.0	1.0	1.0	1.0	1.0	1.0	1.0	1.0	0.9	1.0	1.0	1.0	0.85	0.98	0.98	1.0	0.98	0.97	0.97	0.97	0.97	0.97	0.98	0.98	0.98	1.0	0.96	0.95	0.08	0.08	0.08	0.53	0.96	0.96	1.0	1.0	0.97	0.97	0.91	0.94	0.94	0.84	0.88	1.0	0.5	0.84	0.8	0.94	0.94	0.94	0.94	-1	-1	-1	-1	-1	-1	-1	0.94	0.97	0.87	0.97	0.97	0.98	1.0	1.0	1.0	0.13	0.95	0.95	0.95	-1	-1	-1	-1	-1	-1	-1	-1	-1	-1	-1	-1	-1	-1	0.08	1.0	0.08	0.08	0.15	0.08	0.9	0.05	0.05	0.84	0.97	0.97	1.0	1.0	1.0	0.0	0.0	-1	-1	-1	-1	-1	-1	-1	-1	-1	-1	-1	-1	-1	-1	-1	-1	-1	-1	-1	-1	-1	-1	-1	-1	-1	-1	0.99	0.99	1.0	1.0	1.0	1.0	1.0	1.0	1.0	1.0	1.0	1.0	1.0	1.0	1.0	1.0	1.0	1.0	1.0	1.0	1.0	1.0	0.92	1.0	1.0	-1	0.04	0.0	0.0	0.0	0.0	1.0	-1	-1	-1
SRR5860583.cleaned	1.0	1.0	1.0	1.0	1.0	1.0	1.0	1.0	0.96	0.96	0.96	0.96	0.96	0.96	0.96	0.97	0.97	0.97	1.0	1.0	1.0	1.0	1.0	1.0	1.0	0.99	0.99	0.99	0.99	1.0	0.99	0.99	1.0	1.0	1.0	1.0	1.0	1.0	1.0	1.0	1.0	0.99	1.0	0.99	0.95	0.95	0.95	0.94	0.99	0.99	0.99	0.99	0.99	0.92	1.0	1.0	0.99	1.0	1.0	1.0	1.0	1.0	1.0	1.0	0.09	0.09	0.11	0.12	1.0	0.13	1.0	1.0	0.93	0.93	0.94	0.94	0.94	0.92	1.0	1.0	1.0	1.0	1.0	0.94	0.05	0.07	0.09	0.99	0.12	0.99	0.08	0.09	0.97	0.97	0.97	0.97	1.0	0.99	1.0	1.0	1.0	0.97	0.05	0.05	0.96	0.96	1.0	0.96	0.98	1.0	0.98	0.12	0.11	0.13	0.99	0.12	0.12	0.99	0.07	0.06	0.05	0.05	0.96	0.96	0.96	0.04	0.04	0.04	0.04	0.98	0.96	0.97	0.97	0.21	1.0	0.98	0.96	0.97	0.99	0.95	0.96	0.99	0.93	0.99	0.9	0.99	0.99	0.86	0.13	0.12	0.1	0.99	0.95	0.96	0.96	0.98	0.98	1.0	1.0	1.0	0.99	0.99	0.99	0.99	0.99	0.99	0.1	0.1	0.1	0.1	0.91	0.99	0.99	0.13	0.94	0.08	1.0	0.06	0.06	1.0	0.99	0.95	1.0	1.0	0.97	1.0	1.0	1.0	0.98	0.98	0.98	0.98	0.98	0.98	0.98	0.09	0.93	0.94	1.0	0.07	1.0	1.0	1.0	0.93	0.87	0.14	0.14	0.14	0.13	0.14	0.15	0.99	0.11	0.13	1.0	0.95	0.95	0.95	0.95	0.95	0.09	0.09	0.11	0.11	0.11	0.14	0.14	0.13	0.18	0.16	0.13	0.99	0.08	0.98	1.0	0.1	0.06	0.06	0.06	0.06	0.06	0.11	0.11	0.11	1.0	0.11	0.1	0.95	0.95	0.95	0.97	0.09	0.09	0.11	0.1	0.1	1.0	0.1	0.1	0.1	0.17	1.0	1.0	0.88	0.96	0.97	0.14	0.14	0.11	0.11	1.0	1.0	1.0	1.0	0.99	0.99	0.99	0.09	0.11	1.0	0.13	0.13	0.99	0.17	0.16	0.16	0.9	0.06	0.05	0.06	0.98	0.98	0.98	0.98	0.98	0.98	0.98	0.99	0.99	0.99	1.0	1.0	1.0	1.0	0.98	1.0	0.98	0.98	0.99	0.98	0.99	0.96	0.96	0.98	0.07	0.07	0.1	0.09	0.09	0.95	0.95	1.0	1.0	1.0	1.0	1.0	1.0	1.0	1.0	1.0	1.0	1.0	1.0	1.0	1.0	1.0	1.0	0.99	1.0	0.89	0.88	0.43	0.82	0.92	0.93	0.92	1.0	0.96	0.99	1.0	1.0	1.0	1.0	1.0	1.0	1.0	1.0	1.0	1.0	1.0	1.0	1.0	1.0	1.0	0.99	1.0	1.0	0.97	1.0	0.89	0.93	0.95	1.0	0.92	0.92	0.91	0.91	0.92	1.0	1.0	1.0	1.0
SRR5860584.cleaned	-1	-1	-1	-1	-1	-1	-1	-1	0.06	0.06	0.06	0.06	0.06	0.06	0.12	0.12	0.17	0.17	-1	-1	-1	-1	-1	-1	-1	-1	-1	-1	-1	-1	-1	-1	-1	-1	-1	-1	-1	-1	-1	-1	-1	-1	-1	-1	0.0	0.0	0.0	0.04	-1	-1	-1	-1	-1	-1	-1	-1	-1	-1	-1	-1	-1	-1	-1	-1	1.0	0.98	0.98	0.98	0.98	0.98	0.98	0.98	0.07	0.07	0.05	0.11	0.05	0.11	-1	-1	-1	-1	-1	0.0	1.0	1.0	1.0	0.95	1.0	0.95	1.0	1.0	0.0	0.0	0.0	0.0	0.96	-1	-1	-1	-1	0.0	1.0	1.0	0.0	0.0	1.0	0.0	0.85	1.0	0.96	0.97	1.0	1.0	0.88	1.0	1.0	0.78	1.0	1.0	1.0	1.0	0.0	0.0	0.33	1.0	1.0	1.0	1.0	0.68	0.0	0.0	0.0	-1	-1	0.0	0.0	0.45	0.59	0.4	0.41	0.63	0.37	0.95	0.0	0.76	0.8	0.21	1.0	1.0	1.0	0.79	0.0	0.0	-1	-1	-1	-1	-1	-1	-1	-1	-1	-1	-1	-1	1.0	1.0	1.0	1.0	0.44	0.85	0.97	1.0	0.19	1.0	0.97	1.0	1.0	1.0	0.87	0.0	1.0	1.0	-1	-1	-1	-1	-1	-1	-1	-1	-1	0.81	0.81	1.0	0.19	0.19	1.0	1.0	1.0	1.0	1.0	0.0	-1	0.97	0.95	0.97	0.97	0.97	0.97	0.93	0.84	0.97	1.0	0.05	0.05	0.05	0.05	0.05	0.97	0.97	0.98	0.98	0.98	0.99	0.99	0.83	0.99	0.99	0.99	0.82	0.83	0.85	1.0	0.99	0.97	0.97	0.97	0.97	0.97	1.0	1.0	1.0	1.0	1.0	1.0	0.0	0.0	0.0	0.38	1.0	1.0	1.0	1.0	1.0	1.0	1.0	1.0	1.0	0.97	0.98	1.0	0.49	0.84	0.75	1.0	1.0	1.0	1.0	-1	-1	-1	-1	-1	-1	-1	1.0	1.0	0.92	1.0	1.0	0.97	1.0	1.0	1.0	0.25	1.0	1.0	1.0	0.0	0.0	0.0	0.0	0.06	0.06	0.5	-1	-1	-1	-1	-1	-1	-1	0.0	1.0	0.0	0.0	0.21	0.0	0.88	0.0	0.0	0.79	1.0	1.0	1.0	0.97	1.0	0.0	0.05	-1	-1	-1	-1	-1	-1	-1	-1	-1	-1	-1	-1	-1	-1	-1	-1	-1	-1	-1	-1	-1	-1	-1	-1	-1	-1	0.98	0.99	1.0	1.0	1.0	1.0	1.0	1.0	1.0	1.0	1.0	1.0	1.0	1.0	1.0	1.0	1.0	1.0	1.0	1.0	1.0	1.0	0.91	0.98	0.98	-1	0.07	0.07	0.06	0.05	0.0	1.0	-1	-1	-1
SRR5860625.cleaned	1.0	1.0	0.98	0.73	0.63	0.93	1.0	0.96	0.89	0.89	0.88	0.88	0.89	0.89	0.89	0.9	0.9	0.91	0.94	0.94	0.94	1.0	0.98	0.98	1.0	0.96	0.95	0.95	0.94	0.97	0.93	0.93	0.93	0.93	0.93	1.0	0.95	0.95	0.94	0.94	0.94	0.93	1.0	0.87	0.84	0.85	0.85	0.85	0.86	0.86	0.88	0.88	0.88	0.89	0.99	0.95	0.95	0.94	0.94	0.95	0.95	0.95	0.95	0.95	0.28	0.29	0.31	0.31	0.99	0.28	0.99	0.99	0.74	0.74	0.76	0.77	0.77	0.77	0.9	0.9	0.9	0.87	0.87	0.74	0.26	0.23	0.25	0.98	0.22	0.99	0.19	0.18	0.92	0.91	0.92	0.92	1.0	0.95	0.89	0.92	0.94	0.85	0.2	0.2	0.81	0.83	1.0	0.83	0.97	0.99	0.98	0.31	0.33	0.35	0.98	0.33	0.29	0.98	0.26	0.24	0.23	0.23	0.8	0.8	0.81	0.23	0.23	0.23	0.25	0.9	0.84	0.86	0.87	1.0	0.93	0.91	0.89	0.89	0.99	0.86	0.86	0.99	0.87	0.98	0.84	0.99	0.99	0.79	0.21	0.21	0.2	0.96	0.84	0.85	0.87	0.87	0.86	0.92	0.92	0.92	0.89	0.9	0.93	0.93	0.93	0.93	0.29	0.29	0.28	0.26	0.88	0.99	0.98	0.31	0.73	0.29	0.98	0.16	0.15	0.99	0.99	0.88	1.0	0.99	0.89	0.92	0.91	0.91	0.87	0.88	0.87	0.87	0.87	0.91	0.9	0.17	0.95	0.95	0.9	0.15	0.9	0.9	0.97	0.95	1.0	0.24	0.22	0.25	0.26	0.25	0.28	0.99	0.25	0.25	1.0	0.88	0.88	0.88	0.88	0.89	0.24	0.24	0.27	0.28	0.26	0.26	0.29	0.26	0.31	0.29	0.27	0.98	0.25	0.98	1.0	0.26	0.25	0.25	0.25	0.25	0.26	0.27	0.26	0.27	1.0	0.26	0.28	0.85	0.85	0.85	0.9	0.2	0.19	0.26	0.25	0.26	1.0	0.25	0.25	0.25	0.3	0.98	0.99	0.78	0.94	0.96	0.33	0.34	0.24	0.24	0.85	0.85	0.85	0.85	0.81	0.82	0.82	0.19	0.19	0.98	0.18	0.2	1.0	0.17	0.17	0.16	0.8	0.19	0.18	0.18	0.87	0.87	0.87	0.86	0.87	0.87	0.89	0.89	0.89	0.94	0.95	0.95	0.95	0.96	0.9	0.99	0.9	0.91	0.91	0.91	0.99	0.86	0.87	0.96	0.2	0.21	0.23	0.18	0.2	0.83	0.85	0.92	0.91	0.91	0.88	0.88	0.88	0.88	0.87	0.87	0.87	0.99	0.87	1.0	0.87	0.87	0.88	0.89	0.95	1.0	0.93	0.77	0.99	1.0	1.0	1.0	1.0	0.97	0.99	1.0	1.0	1.0	1.0	1.0	1.0	1.0	1.0	1.0	1.0	1.0	1.0	1.0	1.0	1.0	1.0	1.0	1.0	0.99	1.0	0.86	0.95	0.95	1.0	0.93	0.93	0.92	0.93	0.92	1.0	1.0	0.95	0.75
SRR5860626.cleaned	-1	-1	-1	-1	-1	-1	-1	-1	-1	-1	-1	-1	-1	-1	-1	-1	-1	-1	-1	-1	-1	-1	0.17	0.17	1.0	0.07	0.07	0.07	0.06	0.48	0.05	0.05	0.06	0.06	0.0	1.0	0.12	0.12	0.12	0.18	0.18	0.22	1.0	0.23	0.28	0.3	0.3	0.32	0.43	0.43	0.46	0.46	0.46	0.48	0.87	0.78	0.71	0.67	0.67	0.64	0.71	0.71	0.71	0.74	0.74	0.74	0.76	0.75	0.97	0.74	0.96	0.96	0.32	0.31	0.31	0.35	0.31	0.35	0.81	0.81	0.81	0.61	0.61	0.26	0.78	0.78	0.82	0.87	0.87	0.96	0.82	0.82	0.4	0.32	0.35	0.35	0.96	0.62	-1	-1	-1	0.0	1.0	1.0	0.0	0.0	1.0	0.0	0.75	0.94	0.96	1.0	1.0	1.0	0.86	1.0	1.0	0.83	1.0	1.0	1.0	1.0	0.0	0.0	0.3	1.0	1.0	1.0	1.0	0.33	0.0	-1	-1	1.0	0.0	0.0	0.0	0.1	0.91	0.09	0.1	0.91	0.09	0.82	0.0	0.93	0.94	0.06	1.0	1.0	1.0	0.7	0.0	0.0	0.0	0.0	0.0	0.0	0.0	0.0	0.0	0.0	0.0	0.0	0.0	0.0	1.0	1.0	1.0	1.0	0.4	0.89	0.88	1.0	0.1	1.0	0.95	1.0	1.0	1.0	0.94	0.0	0.88	0.88	0.0	0.0	0.0	0.0	0.05	0.05	0.05	0.0	0.05	0.61	0.6	0.98	0.39	0.4	0.68	1.0	0.67	0.71	0.9	0.35	-1	0.98	0.98	0.98	0.98	0.98	0.99	0.95	0.92	0.98	1.0	0.04	0.04	0.04	0.04	0.04	0.98	0.98	1.0	1.0	1.0	1.0	1.0	0.86	1.0	1.0	1.0	0.84	0.82	0.84	1.0	1.0	1.0	1.0	1.0	1.0	1.0	1.0	1.0	1.0	1.0	1.0	1.0	0.0	0.0	0.0	0.48	1.0	1.0	1.0	1.0	1.0	0.96	1.0	1.0	1.0	0.83	0.84	1.0	0.38	0.86	0.78	0.97	0.98	0.98	0.98	0.04	0.04	0.04	0.04	0.06	0.06	0.06	0.94	0.94	0.88	0.93	0.93	0.94	0.94	0.94	0.94	0.25	0.97	0.97	0.98	0.03	0.0	0.0	0.0	0.0	0.0	0.32	0.0	0.0	0.0	-1	-1	-1	-1	0.07	1.0	0.07	0.07	0.38	0.07	0.8	0.04	0.04	0.85	1.0	1.0	1.0	1.0	1.0	0.0	0.0	-1	-1	-1	0.0	0.0	0.0	0.0	0.0	0.0	0.0	0.82	0.0	1.0	0.0	0.0	0.0	0.0	0.55	-1	-1	-1	-1	-1	-1	-1	-1	0.97	1.0	1.0	1.0	1.0	1.0	1.0	1.0	1.0	1.0	1.0	1.0	1.0	1.0	1.0	1.0	1.0	1.0	1.0	1.0	1.0	1.0	0.89	0.98	0.98	-1	-1	-1	-1	-1	-1	-1	-1	-1	-1
SRR5860627.cleaned	1.0	1.0	0.99	0.95	0.39	0.96	1.0	0.97	0.89	0.9	0.89	0.89	0.89	0.9	0.9	0.91	0.91	0.91	0.94	0.94	0.94	1.0	0.97	0.97	1.0	0.95	0.95	0.95	0.92	0.97	0.92	0.92	0.93	0.93	0.94	1.0	0.96	0.96	0.96	0.96	0.96	0.94	1.0	0.93	0.91	0.92	0.92	0.92	0.93	0.93	0.94	0.94	0.94	0.94	1.0	0.96	0.97	0.97	0.97	0.97	0.97	0.96	0.97	0.97	0.17	0.17	0.18	0.18	0.99	0.18	0.99	1.0	0.85	0.84	0.87	0.88	0.87	0.85	0.94	0.94	0.94	0.89	0.89	0.82	0.2	0.19	0.2	0.99	0.2	0.98	0.17	0.16	0.91	0.9	0.9	0.9	0.99	0.96	0.94	0.95	0.98	0.89	0.16	0.16	0.85	0.86	1.0	0.87	0.97	1.0	0.98	0.25	0.27	0.29	0.98	0.28	0.23	0.98	0.2	0.19	0.18	0.18	0.85	0.85	0.86	0.18	0.18	0.18	0.19	0.92	0.86	0.87	0.89	1.0	0.93	0.92	0.9	0.89	0.99	0.86	0.87	0.99	0.87	0.98	0.83	0.99	0.99	0.82	0.17	0.16	0.16	0.97	0.88	0.9	0.92	0.93	0.93	0.95	0.95	0.95	0.93	0.93	0.96	0.96	0.96	0.96	0.21	0.21	0.21	0.2	0.91	0.99	0.98	0.25	0.79	0.24	0.98	0.15	0.15	0.99	0.99	0.88	0.99	0.99	0.89	0.92	0.91	0.92	0.92	0.92	0.92	0.92	0.92	0.94	0.94	0.11	0.95	0.95	0.97	0.08	0.96	0.96	0.99	0.95	1.0	0.18	0.17	0.19	0.2	0.2	0.23	0.99	0.21	0.22	1.0	0.9	0.9	0.9	0.9	0.9	0.21	0.21	0.22	0.23	0.21	0.23	0.24	0.22	0.27	0.28	0.25	0.98	0.21	0.97	1.0	0.24	0.21	0.2	0.21	0.2	0.2	0.2	0.2	0.2	1.0	0.17	0.17	0.9	0.9	0.9	0.92	0.15	0.15	0.17	0.15	0.17	0.99	0.16	0.16	0.17	0.21	0.99	1.0	0.84	0.93	0.97	0.25	0.25	0.19	0.19	0.88	0.88	0.88	0.88	0.86	0.86	0.86	0.13	0.14	0.99	0.12	0.12	1.0	0.12	0.12	0.12	0.84	0.14	0.13	0.14	0.89	0.89	0.89	0.88	0.88	0.88	0.91	0.9	0.9	0.94	0.95	0.95	0.95	0.95	0.93	1.0	0.92	0.93	0.93	0.93	0.98	0.85	0.87	0.97	0.18	0.18	0.17	0.14	0.15	0.88	0.89	0.95	0.94	0.94	0.92	0.91	0.91	0.91	0.91	0.91	0.91	1.0	0.91	1.0	0.91	0.92	0.93	0.93	0.97	1.0	0.93	0.81	0.98	1.0	1.0	1.0	1.0	0.97	1.0	1.0	1.0	1.0	1.0	1.0	1.0	1.0	1.0	1.0	1.0	1.0	1.0	1.0	1.0	1.0	1.0	1.0	1.0	1.0	1.0	0.88	1.0	1.0	1.0	0.91	0.92	0.91	0.92	0.92	1.0	1.0	0.99	0.96
SRR5860628.cleaned	1.0	1.0	0.98	0.69	0.63	0.94	1.0	0.99	0.9	0.91	0.89	0.89	0.9	0.91	0.92	0.93	0.93	0.93	0.94	0.94	0.94	1.0	0.97	0.97	1.0	0.94	0.93	0.94	0.92	0.95	0.9	0.91	0.92	0.92	0.93	1.0	0.94	0.94	0.94	0.94	0.94	0.92	1.0	0.92	0.91	0.92	0.92	0.92	0.93	0.93	0.94	0.94	0.94	0.94	0.99	0.96	0.96	0.96	0.96	0.96	0.96	0.96	0.96	0.96	0.23	0.23	0.24	0.24	0.99	0.23	0.99	0.99	0.81	0.81	0.84	0.85	0.84	0.85	0.97	0.97	0.97	0.95	0.95	0.88	0.13	0.12	0.13	0.99	0.13	0.99	0.13	0.12	0.94	0.93	0.93	0.93	1.0	0.96	0.92	0.95	0.97	0.94	0.1	0.1	0.9	0.91	1.0	0.91	0.98	0.99	0.99	0.21	0.24	0.25	0.97	0.25	0.2	0.99	0.17	0.15	0.14	0.15	0.87	0.87	0.88	0.14	0.14	0.14	0.14	0.93	0.91	0.9	0.93	1.0	0.96	0.95	0.93	0.93	0.99	0.92	0.91	0.98	0.92	1.0	0.89	0.98	0.99	0.88	0.14	0.14	0.14	0.96	0.88	0.89	0.9	0.91	0.91	0.93	0.93	0.93	0.9	0.9	0.94	0.94	0.94	0.94	0.19	0.19	0.19	0.18	0.89	0.99	0.98	0.23	0.79	0.22	0.98	0.14	0.14	1.0	0.99	0.9	0.99	0.99	0.9	0.94	0.94	0.94	0.89	0.89	0.89	0.88	0.89	0.91	0.91	0.15	0.96	0.96	0.92	0.13	0.91	0.91	0.98	0.95	1.0	0.21	0.19	0.22	0.23	0.23	0.27	0.98	0.23	0.22	1.0	0.88	0.88	0.88	0.88	0.89	0.24	0.23	0.27	0.28	0.26	0.29	0.3	0.28	0.3	0.33	0.32	0.98	0.29	0.98	1.0	0.31	0.26	0.26	0.26	0.25	0.26	0.26	0.25	0.26	1.0	0.19	0.19	0.91	0.91	0.91	0.92	0.14	0.14	0.2	0.19	0.2	0.99	0.2	0.19	0.2	0.25	0.99	1.0	0.78	0.94	0.96	0.3	0.3	0.23	0.23	0.85	0.84	0.85	0.85	0.8	0.81	0.8	0.2	0.19	0.99	0.17	0.16	1.0	0.16	0.16	0.16	0.78	0.18	0.19	0.19	0.86	0.86	0.86	0.85	0.85	0.85	0.88	0.88	0.88	0.92	0.95	0.95	0.95	0.95	0.91	1.0	0.9	0.91	0.91	0.91	0.99	0.85	0.87	0.95	0.18	0.19	0.21	0.17	0.18	0.86	0.87	0.91	0.9	0.9	0.88	0.87	0.87	0.87	0.87	0.87	0.87	0.99	0.86	1.0	0.86	0.87	0.89	0.89	0.96	1.0	0.93	0.77	0.96	0.98	0.97	0.97	1.0	0.96	1.0	1.0	1.0	1.0	1.0	1.0	1.0	1.0	0.99	1.0	1.0	1.0	1.0	0.99	1.0	1.0	1.0	1.0	1.0	0.99	1.0	0.91	0.97	0.98	1.0	0.94	0.94	0.92	0.93	0.92	1.0	1.0	0.98	0.68
SRR5860629.cleaned	1.0	1.0	0.96	0.71	0.65	0.95	1.0	0.97	0.88	0.88	0.88	0.88	0.89	0.89	0.89	0.91	0.91	0.91	0.94	0.94	0.94	1.0	0.97	0.97	1.0	0.95	0.94	0.95	0.93	0.96	0.92	0.91	0.94	0.94	0.94	1.0	0.95	0.95	0.95	0.95	0.95	0.94	1.0	0.92	0.9	0.92	0.92	0.92	0.93	0.93	0.94	0.94	0.94	0.94	0.99	0.96	0.96	0.96	0.96	0.95	0.96	0.96	0.95	0.96	0.24	0.24	0.25	0.25	1.0	0.24	0.99	0.99	0.8	0.81	0.82	0.82	0.82	0.82	0.94	0.94	0.94	0.92	0.92	0.85	0.16	0.15	0.16	0.99	0.16	0.99	0.14	0.13	0.93	0.92	0.92	0.92	1.0	0.96	0.94	0.95	0.98	0.91	0.13	0.14	0.88	0.89	1.0	0.89	0.98	0.99	0.99	0.23	0.24	0.26	0.97	0.25	0.22	0.98	0.2	0.17	0.17	0.17	0.87	0.88	0.88	0.15	0.15	0.15	0.17	0.91	0.89	0.91	0.93	1.0	0.95	0.93	0.91	0.91	0.99	0.9	0.9	0.99	0.9	0.99	0.86	0.99	0.99	0.83	0.16	0.16	0.16	0.96	0.86	0.87	0.89	0.9	0.9	0.92	0.92	0.92	0.88	0.88	0.92	0.92	0.92	0.92	0.21	0.22	0.21	0.2	0.89	0.98	0.97	0.24	0.77	0.24	0.98	0.15	0.15	1.0	1.0	0.87	1.0	0.99	0.88	0.91	0.91	0.91	0.92	0.92	0.92	0.92	0.92	0.94	0.94	0.14	0.92	0.93	0.95	0.13	0.94	0.94	0.99	0.92	1.0	0.2	0.18	0.22	0.23	0.22	0.27	0.98	0.25	0.26	1.0	0.86	0.86	0.86	0.86	0.86	0.26	0.26	0.28	0.29	0.28	0.29	0.31	0.29	0.31	0.31	0.28	0.97	0.27	0.98	1.0	0.29	0.26	0.26	0.26	0.25	0.26	0.28	0.27	0.28	1.0	0.26	0.26	0.85	0.85	0.85	0.9	0.2	0.19	0.24	0.23	0.23	0.99	0.22	0.21	0.22	0.27	0.99	1.0	0.8	0.95	0.97	0.29	0.3	0.21	0.21	0.86	0.86	0.86	0.86	0.84	0.85	0.84	0.15	0.14	0.99	0.12	0.12	1.0	0.12	0.12	0.12	0.82	0.16	0.16	0.16	0.86	0.86	0.86	0.85	0.85	0.86	0.89	0.89	0.88	0.93	0.95	0.95	0.95	0.95	0.92	1.0	0.92	0.92	0.93	0.92	0.99	0.84	0.86	0.96	0.21	0.21	0.22	0.18	0.19	0.84	0.85	0.93	0.93	0.92	0.89	0.89	0.89	0.89	0.88	0.88	0.88	0.99	0.88	1.0	0.88	0.88	0.9	0.9	0.95	1.0	0.94	0.76	0.97	0.97	0.97	0.97	1.0	0.97	1.0	1.0	1.0	1.0	1.0	1.0	1.0	1.0	1.0	1.0	1.0	1.0	1.0	1.0	1.0	1.0	1.0	1.0	0.99	1.0	1.0	0.94	0.96	0.98	1.0	0.9	0.9	0.87	0.89	0.86	1.0	1.0	0.96	0.75
SRR5860630.cleaned	1.0	1.0	0.98	0.9	0.51	0.95	1.0	0.98	0.87	0.88	0.87	0.87	0.88	0.88	0.89	0.9	0.9	0.9	0.94	0.94	0.94	1.0	0.98	0.98	1.0	0.96	0.96	0.96	0.96	0.97	0.94	0.95	0.96	0.96	0.96	1.0	0.97	0.97	0.97	0.97	0.97	0.94	1.0	0.94	0.89	0.9	0.9	0.9	0.9	0.91	0.92	0.92	0.92	0.92	1.0	0.96	0.96	0.96	0.96	0.96	0.96	0.96	0.96	0.96	0.22	0.22	0.25	0.25	0.99	0.24	0.99	0.99	0.79	0.78	0.81	0.83	0.82	0.82	0.94	0.94	0.93	0.91	0.91	0.84	0.19	0.17	0.18	0.99	0.17	0.99	0.15	0.14	0.92	0.91	0.91	0.91	1.0	0.95	0.95	0.94	0.96	0.88	0.16	0.16	0.85	0.86	1.0	0.86	0.97	0.99	0.99	0.25	0.28	0.29	0.97	0.29	0.24	0.98	0.22	0.2	0.19	0.2	0.83	0.83	0.84	0.19	0.2	0.2	0.21	0.91	0.87	0.88	0.9	1.0	0.93	0.92	0.9	0.9	0.98	0.87	0.87	0.96	0.87	0.98	0.82	0.95	0.97	0.81	0.21	0.21	0.19	0.96	0.83	0.85	0.87	0.87	0.87	0.92	0.92	0.92	0.89	0.89	0.92	0.92	0.92	0.93	0.25	0.25	0.25	0.22	0.9	0.98	0.98	0.28	0.74	0.28	0.98	0.17	0.18	1.0	0.99	0.86	0.99	0.99	0.87	0.91	0.9	0.9	0.88	0.89	0.88	0.88	0.88	0.91	0.91	0.17	0.94	0.94	0.91	0.15	0.9	0.9	0.97	0.94	1.0	0.25	0.24	0.28	0.29	0.28	0.32	0.99	0.29	0.3	1.0	0.82	0.82	0.82	0.83	0.83	0.31	0.31	0.32	0.32	0.31	0.32	0.35	0.33	0.37	0.37	0.33	0.98	0.3	0.98	1.0	0.33	0.27	0.27	0.28	0.27	0.28	0.28	0.28	0.29	1.0	0.25	0.26	0.85	0.85	0.85	0.87	0.18	0.18	0.22	0.2	0.21	0.99	0.2	0.19	0.2	0.28	0.99	1.0	0.79	0.92	0.96	0.34	0.34	0.27	0.27	0.84	0.84	0.84	0.84	0.79	0.79	0.79	0.21	0.2	0.98	0.19	0.19	0.99	0.2	0.2	0.2	0.78	0.21	0.21	0.21	0.86	0.86	0.86	0.86	0.86	0.86	0.89	0.88	0.88	0.92	0.92	0.93	0.92	0.93	0.88	0.99	0.88	0.89	0.88	0.88	0.99	0.8	0.84	0.94	0.22	0.22	0.22	0.18	0.19	0.83	0.84	0.92	0.91	0.91	0.86	0.86	0.85	0.86	0.86	0.85	0.85	0.99	0.85	1.0	0.85	0.86	0.87	0.88	0.94	1.0	0.9	0.83	0.99	1.0	1.0	1.0	1.0	0.97	0.99	1.0	1.0	1.0	1.0	1.0	1.0	1.0	1.0	1.0	1.0	1.0	1.0	0.99	1.0	1.0	1.0	1.0	1.0	0.99	1.0	0.88	0.94	0.95	1.0	0.92	0.91	0.89	0.9	0.84	1.0	1.0	0.98	0.82
SRR5860631.cleaned	1.0	1.0	0.99	0.88	0.5	0.94	1.0	0.99	0.91	0.91	0.9	0.9	0.91	0.91	0.92	0.93	0.93	0.93	0.96	0.96	0.96	1.0	0.98	0.97	1.0	0.96	0.96	0.96	0.95	0.96	0.93	0.93	0.94	0.94	0.94	1.0	0.96	0.96	0.95	0.95	0.95	0.93	1.0	0.9	0.88	0.89	0.89	0.89	0.9	0.9	0.91	0.91	0.91	0.92	1.0	0.96	0.96	0.96	0.95	0.96	0.96	0.95	0.96	0.96	0.21	0.22	0.23	0.23	0.99	0.21	0.99	0.99	0.82	0.82	0.83	0.84	0.83	0.83	0.94	0.93	0.93	0.9	0.9	0.83	0.18	0.16	0.17	0.99	0.15	0.99	0.11	0.1	0.94	0.93	0.93	0.93	1.0	0.98	0.91	0.94	0.97	0.93	0.1	0.11	0.9	0.91	1.0	0.9	0.98	1.0	0.99	0.22	0.24	0.26	0.97	0.26	0.23	0.98	0.22	0.2	0.19	0.2	0.83	0.83	0.84	0.19	0.2	0.19	0.21	0.91	0.87	0.9	0.9	1.0	0.94	0.92	0.9	0.89	1.0	0.87	0.87	0.99	0.88	0.98	0.85	1.0	1.0	0.82	0.17	0.16	0.16	0.97	0.86	0.88	0.9	0.89	0.89	0.92	0.91	0.91	0.89	0.89	0.93	0.93	0.92	0.91	0.21	0.21	0.21	0.18	0.91	0.98	0.99	0.23	0.79	0.22	0.98	0.14	0.14	0.99	1.0	0.89	0.99	0.99	0.9	0.93	0.92	0.93	0.94	0.95	0.94	0.94	0.95	0.96	0.96	0.08	0.97	0.97	0.96	0.07	0.95	0.95	0.98	0.97	1.0	0.17	0.15	0.19	0.19	0.19	0.21	0.99	0.22	0.23	1.0	0.89	0.89	0.89	0.9	0.89	0.21	0.21	0.22	0.22	0.21	0.23	0.24	0.24	0.26	0.28	0.26	0.98	0.25	0.98	1.0	0.27	0.23	0.23	0.24	0.23	0.23	0.22	0.22	0.22	1.0	0.2	0.2	0.88	0.87	0.88	0.9	0.16	0.16	0.2	0.18	0.19	1.0	0.17	0.17	0.17	0.21	0.99	1.0	0.84	0.95	0.96	0.25	0.26	0.19	0.19	0.88	0.88	0.88	0.88	0.86	0.86	0.86	0.14	0.14	0.98	0.14	0.14	1.0	0.13	0.13	0.13	0.81	0.18	0.18	0.18	0.86	0.86	0.86	0.85	0.85	0.85	0.88	0.9	0.89	0.93	0.95	0.95	0.95	0.95	0.93	0.99	0.92	0.92	0.92	0.92	0.98	0.87	0.89	0.97	0.16	0.16	0.19	0.17	0.17	0.84	0.86	0.92	0.91	0.91	0.88	0.87	0.87	0.87	0.87	0.87	0.87	1.0	0.87	1.0	0.87	0.89	0.91	0.91	0.95	1.0	0.94	0.79	0.97	0.98	0.98	0.97	1.0	0.98	0.99	1.0	1.0	1.0	1.0	1.0	1.0	1.0	1.0	1.0	1.0	1.0	1.0	1.0	1.0	1.0	1.0	1.0	1.0	1.0	0.99	0.88	0.97	0.95	1.0	0.93	0.93	0.92	0.93	0.91	1.0	1.0	0.99	0.88
SRR5860632.cleaned	1.0	1.0	1.0	0.75	0.66	0.94	1.0	0.97	0.88	0.88	0.87	0.88	0.88	0.89	0.9	0.91	0.91	0.91	0.94	0.94	0.94	1.0	0.98	0.98	1.0	0.96	0.96	0.96	0.94	0.97	0.94	0.93	0.94	0.94	0.95	1.0	0.96	0.96	0.95	0.95	0.95	0.93	1.0	0.91	0.9	0.91	0.91	0.91	0.93	0.93	0.94	0.94	0.94	0.94	0.99	0.97	0.96	0.96	0.96	0.96	0.96	0.96	0.96	0.96	0.23	0.24	0.24	0.24	0.99	0.23	0.99	0.99	0.81	0.81	0.83	0.84	0.83	0.84	0.95	0.95	0.95	0.91	0.91	0.82	0.19	0.17	0.18	0.99	0.18	0.99	0.17	0.15	0.92	0.91	0.91	0.91	1.0	0.96	0.92	0.93	0.96	0.9	0.14	0.14	0.86	0.88	1.0	0.87	0.97	0.98	0.99	0.25	0.28	0.29	0.99	0.28	0.23	0.98	0.19	0.18	0.17	0.17	0.86	0.86	0.87	0.17	0.17	0.17	0.18	0.93	0.89	0.91	0.92	1.0	0.94	0.92	0.89	0.89	0.99	0.87	0.87	0.99	0.87	0.99	0.84	0.99	0.99	0.83	0.16	0.15	0.14	0.97	0.88	0.89	0.91	0.92	0.92	0.95	0.95	0.95	0.9	0.91	0.93	0.93	0.92	0.93	0.23	0.23	0.23	0.2	0.91	0.99	0.98	0.25	0.77	0.24	0.98	0.15	0.15	0.99	0.99	0.88	0.99	0.99	0.89	0.92	0.92	0.92	0.91	0.91	0.9	0.9	0.91	0.93	0.93	0.14	0.94	0.94	0.93	0.14	0.93	0.93	0.98	0.93	1.0	0.21	0.19	0.23	0.23	0.23	0.26	0.98	0.25	0.26	1.0	0.88	0.88	0.88	0.88	0.88	0.22	0.22	0.25	0.25	0.24	0.24	0.27	0.23	0.28	0.28	0.26	0.98	0.24	0.98	1.0	0.26	0.22	0.23	0.23	0.22	0.22	0.23	0.22	0.22	1.0	0.2	0.22	0.88	0.88	0.88	0.9	0.17	0.17	0.21	0.2	0.21	0.99	0.2	0.19	0.2	0.26	0.99	0.99	0.81	0.93	0.97	0.3	0.29	0.2	0.2	0.88	0.87	0.87	0.87	0.85	0.85	0.85	0.16	0.15	0.99	0.14	0.14	1.0	0.13	0.12	0.12	0.82	0.15	0.15	0.15	0.89	0.89	0.88	0.88	0.88	0.89	0.91	0.91	0.91	0.95	0.94	0.94	0.94	0.95	0.92	1.0	0.92	0.92	0.92	0.92	0.99	0.85	0.88	0.97	0.16	0.16	0.16	0.14	0.14	0.87	0.88	0.93	0.92	0.92	0.89	0.89	0.88	0.89	0.88	0.88	0.88	1.0	0.88	1.0	0.88	0.9	0.91	0.91	0.96	1.0	0.94	0.81	0.98	0.99	0.99	0.98	1.0	0.96	0.99	1.0	1.0	1.0	1.0	1.0	1.0	1.0	1.0	1.0	1.0	1.0	1.0	0.99	1.0	1.0	0.99	1.0	1.0	0.98	1.0	0.89	0.93	0.95	1.0	0.96	0.95	0.94	0.94	0.92	1.0	1.0	0.99	0.7
SRR5860633.cleaned	1.0	1.0	0.97	0.8	0.73	0.92	1.0	0.97	0.9	0.9	0.89	0.89	0.89	0.89	0.9	0.91	0.91	0.91	0.95	0.95	0.95	1.0	0.98	0.98	1.0	0.96	0.96	0.95	0.95	0.96	0.92	0.92	0.92	0.92	0.93	1.0	0.94	0.94	0.94	0.94	0.94	0.94	1.0	0.93	0.93	0.94	0.94	0.96	0.97	0.97	0.97	0.97	0.97	0.97	1.0	0.96	0.95	0.96	0.96	0.95	0.96	0.96	0.96	0.96	0.21	0.21	0.23	0.21	0.98	0.22	0.98	0.98	0.83	0.82	0.83	0.85	0.82	0.85	0.97	0.96	0.96	0.95	0.96	0.82	0.19	0.17	0.18	0.99	0.15	0.98	0.13	0.13	0.95	0.95	0.95	0.95	1.0	0.97	0.86	0.88	0.93	0.86	0.2	0.19	0.81	0.81	1.0	0.84	0.97	0.99	0.97	0.25	0.25	0.28	0.97	0.26	0.21	0.98	0.19	0.18	0.18	0.18	0.85	0.85	0.87	0.15	0.16	0.16	0.18	0.88	0.9	0.92	0.93	1.0	0.97	0.95	0.94	0.94	0.99	0.92	0.93	0.99	0.93	1.0	0.91	0.99	0.99	0.88	0.14	0.13	0.13	0.98	0.9	0.9	0.91	0.91	0.91	0.92	0.92	0.93	0.9	0.9	0.94	0.94	0.93	0.94	0.18	0.18	0.18	0.16	0.87	0.97	0.99	0.2	0.83	0.19	0.99	0.12	0.12	1.0	1.0	0.92	0.99	0.99	0.92	0.95	0.94	0.95	0.95	0.95	0.95	0.95	0.95	0.96	0.96	0.09	0.96	0.96	0.96	0.08	0.95	0.95	0.97	0.95	1.0	0.17	0.17	0.19	0.2	0.2	0.24	0.98	0.2	0.21	1.0	0.9	0.9	0.9	0.9	0.91	0.18	0.18	0.2	0.2	0.19	0.21	0.22	0.22	0.25	0.24	0.23	0.97	0.19	0.96	1.0	0.24	0.19	0.18	0.19	0.18	0.19	0.19	0.18	0.18	1.0	0.16	0.18	0.91	0.91	0.91	0.92	0.12	0.12	0.17	0.16	0.17	0.99	0.16	0.16	0.16	0.18	0.98	1.0	0.84	0.95	0.98	0.21	0.21	0.16	0.16	0.9	0.89	0.89	0.89	0.86	0.86	0.86	0.15	0.16	0.97	0.13	0.14	1.0	0.11	0.11	0.11	0.88	0.11	0.11	0.11	0.92	0.92	0.92	0.92	0.92	0.92	0.95	0.93	0.92	0.95	0.95	0.96	0.96	0.96	0.93	1.0	0.93	0.94	0.94	0.94	0.99	0.88	0.89	0.98	0.14	0.14	0.16	0.14	0.14	0.89	0.9	0.92	0.91	0.91	0.88	0.89	0.88	0.88	0.88	0.89	0.88	1.0	0.88	1.0	0.88	0.88	0.91	0.91	0.97	1.0	0.9	0.79	0.97	0.97	0.96	0.97	1.0	0.95	0.99	1.0	1.0	1.0	1.0	1.0	1.0	1.0	1.0	1.0	1.0	1.0	1.0	0.99	1.0	1.0	1.0	1.0	0.99	1.0	1.0	0.92	0.94	0.95	1.0	0.96	0.97	0.96	0.97	0.93	1.0	1.0	0.98	0.74
SRR5860634.cleaned	1.0	1.0	0.98	0.84	0.61	0.96	1.0	0.98	0.88	0.88	0.87	0.87	0.88	0.88	0.89	0.91	0.91	0.91	0.94	0.94	0.94	1.0	0.98	0.98	1.0	0.97	0.96	0.96	0.96	0.98	0.95	0.95	0.96	0.96	0.96	1.0	0.96	0.96	0.96	0.96	0.96	0.94	1.0	0.93	0.91	0.91	0.91	0.92	0.94	0.94	0.94	0.94	0.94	0.94	0.99	0.98	0.97	0.97	0.97	0.97	0.97	0.97	0.97	0.97	0.17	0.17	0.18	0.18	1.0	0.17	1.0	1.0	0.86	0.86	0.88	0.88	0.88	0.88	0.97	0.97	0.97	0.95	0.95	0.88	0.13	0.12	0.13	0.99	0.13	0.99	0.13	0.12	0.95	0.94	0.94	0.94	0.99	0.97	0.92	0.96	0.96	0.93	0.11	0.11	0.9	0.9	1.0	0.9	0.97	0.99	0.99	0.21	0.25	0.25	0.97	0.25	0.2	0.98	0.18	0.15	0.15	0.15	0.87	0.87	0.88	0.15	0.15	0.15	0.16	0.91	0.9	0.93	0.94	1.0	0.96	0.95	0.93	0.93	0.98	0.91	0.91	0.98	0.91	0.98	0.87	0.96	0.99	0.85	0.16	0.15	0.16	0.97	0.88	0.89	0.91	0.9	0.9	0.95	0.95	0.95	0.91	0.91	0.94	0.93	0.93	0.93	0.26	0.24	0.24	0.21	0.86	0.97	0.98	0.26	0.77	0.25	0.98	0.16	0.16	1.0	0.99	0.88	0.99	0.99	0.89	0.92	0.92	0.92	0.92	0.92	0.92	0.92	0.92	0.94	0.94	0.14	0.94	0.94	0.94	0.12	0.94	0.94	0.97	0.93	1.0	0.2	0.18	0.21	0.22	0.22	0.26	0.98	0.21	0.22	1.0	0.9	0.9	0.9	0.9	0.9	0.21	0.21	0.22	0.22	0.21	0.22	0.24	0.21	0.26	0.25	0.23	0.95	0.21	0.98	1.0	0.24	0.21	0.21	0.22	0.21	0.21	0.22	0.22	0.22	1.0	0.2	0.22	0.87	0.87	0.87	0.91	0.15	0.15	0.18	0.17	0.17	0.99	0.16	0.16	0.16	0.21	0.99	1.0	0.86	0.94	0.95	0.25	0.25	0.18	0.18	0.89	0.89	0.89	0.89	0.87	0.87	0.87	0.14	0.14	0.99	0.12	0.13	1.0	0.11	0.11	0.11	0.86	0.14	0.14	0.15	0.89	0.89	0.89	0.88	0.89	0.89	0.92	0.91	0.91	0.95	0.94	0.93	0.93	0.94	0.91	1.0	0.9	0.91	0.91	0.91	0.98	0.85	0.87	0.96	0.17	0.18	0.2	0.16	0.17	0.86	0.88	0.94	0.93	0.93	0.91	0.91	0.91	0.91	0.9	0.9	0.9	1.0	0.9	1.0	0.9	0.91	0.93	0.93	0.97	1.0	0.95	0.79	0.99	0.99	1.0	0.99	1.0	0.95	1.0	1.0	1.0	1.0	1.0	1.0	1.0	1.0	0.99	1.0	1.0	1.0	1.0	0.99	1.0	1.0	1.0	1.0	1.0	0.98	1.0	0.89	0.94	0.96	1.0	0.97	0.97	0.97	0.97	0.94	1.0	1.0	0.98	0.81
SRR5860639.cleaned	-1	-1	-1	-1	-1	-1	-1	0.69	0.0	0.06	0.06	0.06	0.0	0.0	0.0	0.0	0.0	0.0	-1	-1	-1	-1	-1	-1	-1	-1	-1	-1	-1	-1	-1	-1	-1	-1	-1	-1	-1	-1	-1	-1	-1	-1	-1	-1	0.08	0.08	0.08	0.08	0.18	0.18	0.18	0.18	0.18	0.18	0.93	0.73	-1	-1	-1	-1	-1	-1	-1	-1	0.79	0.77	0.74	0.76	0.88	0.87	0.88	0.88	0.3	0.3	0.16	0.32	0.16	0.32	0.27	0.27	-1	-1	-1	0.1	0.91	0.91	0.91	0.87	0.86	0.92	0.89	0.89	-1	-1	-1	-1	-1	-1	-1	-1	-1	0.0	1.0	1.0	0.0	0.0	1.0	0.0	0.97	0.95	0.82	1.0	1.0	1.0	0.85	1.0	1.0	0.78	1.0	1.0	1.0	1.0	0.0	0.0	0.3	1.0	1.0	1.0	1.0	0.3	0.0	0.0	0.0	1.0	0.0	0.0	0.0	0.09	0.92	0.08	0.08	0.93	0.07	0.84	0.0	0.94	0.94	0.06	1.0	1.0	1.0	0.89	0.0	0.0	0.0	0.0	0.0	0.0	0.0	0.0	0.0	0.0	-1	-1	-1	-1	1.0	1.0	1.0	1.0	0.34	0.86	0.93	1.0	0.19	1.0	0.97	1.0	1.0	1.0	0.94	0.0	0.94	0.94	0.0	0.0	0.0	0.0	0.0	0.08	0.08	0.0	0.08	0.59	0.59	0.96	0.41	0.41	0.76	1.0	0.71	0.76	0.86	0.29	-1	1.0	1.0	1.0	1.0	1.0	1.0	0.94	0.82	1.0	1.0	0.0	0.0	0.0	0.0	0.0	1.0	1.0	1.0	1.0	1.0	1.0	1.0	0.88	1.0	1.0	1.0	0.89	0.91	0.91	1.0	1.0	1.0	1.0	1.0	1.0	1.0	1.0	1.0	1.0	1.0	1.0	1.0	0.0	0.0	0.0	0.31	1.0	1.0	1.0	1.0	1.0	0.8	1.0	1.0	1.0	0.94	0.94	1.0	0.51	0.73	0.81	1.0	1.0	0.97	0.97	0.07	0.07	0.07	0.07	0.05	0.05	0.05	0.96	1.0	0.92	1.0	1.0	1.0	1.0	1.0	1.0	0.32	1.0	1.0	1.0	0.0	0.0	0.0	0.0	0.0	0.0	0.45	0.0	0.0	0.0	-1	-1	-1	-1	0.0	1.0	0.0	0.0	0.15	0.0	0.89	0.0	0.0	0.69	1.0	1.0	1.0	1.0	1.0	0.0	0.0	-1	-1	-1	-1	-1	-1	-1	-1	-1	-1	-1	-1	-1	-1	-1	-1	-1	-1	-1	-1	-1	-1	-1	-1	-1	-1	0.97	0.99	1.0	1.0	1.0	1.0	1.0	1.0	1.0	1.0	1.0	0.99	1.0	1.0	0.99	1.0	1.0	0.99	1.0	1.0	1.0	1.0	0.87	1.0	0.9	-1	-1	-1	-1	-1	-1	-1	-1	-1	-1
SRR5860640.cleaned	-1	-1	-1	-1	0.62	-1	-1	0.69	0.05	0.05	0.0	0.0	0.0	0.0	0.0	0.0	0.0	0.0	0.0	0.0	0.0	-1	-1	-1	-1	0.27	0.27	0.27	0.2	0.35	0.06	0.19	0.24	0.24	0.24	1.0	0.2	0.25	0.25	0.25	0.25	0.23	1.0	0.18	0.18	0.19	0.21	0.24	0.24	0.24	0.25	0.25	0.24	0.24	0.89	0.82	0.47	0.45	0.42	0.42	0.45	0.45	0.45	0.5	0.79	0.78	0.78	0.78	0.91	0.85	0.9	0.88	0.29	0.27	0.15	0.29	0.15	0.3	0.33	0.28	0.31	0.19	0.19	0.07	0.89	0.89	0.91	0.91	0.88	0.95	0.86	0.86	0.25	0.21	0.21	0.21	1.0	0.35	-1	-1	-1	0.0	1.0	1.0	0.0	0.14	0.86	0.0	0.89	0.97	0.95	0.97	0.99	1.0	0.89	1.0	1.0	0.87	1.0	1.0	0.99	0.99	0.02	0.1	0.12	0.98	0.98	0.98	0.98	0.54	0.0	0.0	0.0	1.0	0.0	0.0	0.0	0.14	0.91	0.09	0.1	0.91	0.09	0.91	0.0	0.93	0.94	0.06	1.0	1.0	1.0	0.81	0.0	0.03	0.03	0.05	0.05	0.07	0.07	0.07	0.0	0.04	0.0	0.0	0.0	0.0	1.0	1.0	1.0	0.96	0.61	0.94	0.97	0.99	0.14	0.99	0.95	0.98	0.98	0.89	0.9	0.06	0.88	0.82	0.06	0.28	0.12	0.12	0.09	0.08	0.06	0.06	0.06	0.39	0.4	1.0	0.62	0.62	0.42	1.0	0.43	0.44	0.78	0.57	-1	0.98	0.92	0.99	0.99	0.97	0.89	0.97	0.96	0.99	1.0	0.02	0.02	0.02	0.02	0.05	0.97	0.99	1.0	1.0	0.98	0.97	1.0	0.9	1.0	1.0	1.0	0.94	0.97	0.96	1.0	1.0	1.0	1.0	1.0	1.0	1.0	1.0	1.0	1.0	1.0	0.99	0.99	0.04	0.04	0.04	0.25	0.98	0.98	0.98	0.98	0.98	0.97	0.98	0.9	0.97	0.93	0.94	1.0	0.57	0.79	0.81	1.0	1.0	1.0	1.0	0.0	0.0	0.0	0.0	0.0	0.0	0.0	1.0	1.0	0.9	1.0	1.0	1.0	1.0	0.98	1.0	0.22	0.98	0.98	0.96	0.03	0.03	0.06	0.03	0.03	0.03	0.37	0.09	0.1	0.16	0.15	0.17	0.17	0.17	0.11	0.89	0.05	0.06	0.11	0.05	0.92	0.03	0.02	0.82	0.98	0.98	0.98	0.89	0.98	0.03	0.03	0.0	0.0	0.0	0.0	0.0	0.0	0.0	0.0	0.0	0.0	0.94	0.0	1.0	0.0	0.06	0.06	0.06	0.39	-1	-1	-1	-1	-1	-1	-1	-1	0.95	0.99	1.0	1.0	0.99	1.0	1.0	1.0	1.0	0.99	1.0	1.0	1.0	1.0	0.99	1.0	1.0	1.0	1.0	1.0	1.0	1.0	0.93	0.96	0.95	-1	-1	-1	0.0	0.08	0.0	1.0	-1	-1	-1
SRR5860643.cleaned	1.0	1.0	0.98	0.82	0.5	0.92	1.0	0.99	0.92	0.92	0.92	0.92	0.92	0.93	0.93	0.94	0.94	0.94	0.96	0.96	0.96	1.0	0.98	0.98	1.0	0.97	0.96	0.96	0.95	0.98	0.94	0.93	0.93	0.93	0.94	1.0	0.95	0.95	0.95	0.95	0.95	0.93	1.0	0.9	0.89	0.9	0.9	0.9	0.93	0.92	0.93	0.93	0.93	0.93	0.99	0.94	0.95	0.95	0.95	0.95	0.95	0.95	0.95	0.95	0.21	0.21	0.22	0.23	0.99	0.21	0.99	0.99	0.82	0.81	0.81	0.83	0.82	0.83	0.94	0.93	0.93	0.89	0.89	0.81	0.22	0.2	0.22	0.99	0.21	0.98	0.2	0.18	0.91	0.89	0.88	0.89	0.99	0.96	0.88	0.91	0.92	0.9	0.14	0.15	0.86	0.87	1.0	0.87	0.98	1.0	0.98	0.26	0.3	0.31	0.98	0.3	0.25	0.96	0.28	0.25	0.25	0.26	0.77	0.76	0.79	0.25	0.25	0.25	0.26	0.84	0.83	0.89	0.91	1.0	0.93	0.91	0.89	0.89	1.0	0.86	0.86	1.0	0.86	0.98	0.83	0.97	1.0	0.81	0.16	0.16	0.17	0.97	0.87	0.87	0.88	0.89	0.9	0.92	0.92	0.92	0.87	0.87	0.9	0.9	0.89	0.9	0.29	0.27	0.26	0.24	0.87	0.98	0.99	0.27	0.74	0.27	0.98	0.17	0.17	1.0	1.0	0.88	0.99	0.98	0.89	0.92	0.92	0.92	0.92	0.92	0.92	0.92	0.92	0.94	0.94	0.11	0.96	0.96	0.95	0.09	0.94	0.95	0.97	0.96	1.0	0.23	0.21	0.25	0.26	0.24	0.27	0.98	0.25	0.27	1.0	0.87	0.87	0.87	0.87	0.88	0.28	0.27	0.28	0.28	0.28	0.28	0.31	0.3	0.34	0.32	0.31	0.94	0.28	0.98	1.0	0.29	0.26	0.26	0.26	0.25	0.25	0.24	0.24	0.25	1.0	0.21	0.22	0.87	0.87	0.87	0.91	0.16	0.17	0.21	0.19	0.2	0.99	0.18	0.18	0.18	0.24	0.99	1.0	0.84	0.94	0.94	0.29	0.3	0.24	0.24	0.85	0.84	0.85	0.85	0.81	0.81	0.8	0.18	0.17	1.0	0.16	0.16	1.0	0.17	0.16	0.16	0.83	0.14	0.14	0.14	0.9	0.9	0.9	0.9	0.9	0.9	0.93	0.93	0.94	0.96	0.93	0.93	0.93	0.93	0.9	1.0	0.9	0.91	0.91	0.9	0.98	0.86	0.88	0.98	0.16	0.17	0.19	0.18	0.18	0.84	0.85	0.91	0.91	0.9	0.89	0.88	0.88	0.88	0.88	0.88	0.88	0.99	0.88	1.0	0.88	0.89	0.91	0.9	0.97	1.0	0.95	0.85	1.0	1.0	1.0	0.99	1.0	0.98	0.99	1.0	1.0	1.0	1.0	1.0	1.0	1.0	1.0	1.0	1.0	1.0	1.0	1.0	1.0	1.0	1.0	1.0	1.0	0.98	1.0	0.9	0.98	0.97	1.0	0.97	0.98	0.96	0.97	0.92	1.0	1.0	0.97	0.81
SRR5860644.cleaned	1.0	1.0	1.0	0.77	0.75	0.89	1.0	0.98	0.92	0.91	0.91	0.91	0.92	0.92	0.93	0.93	0.93	0.94	0.96	0.96	0.96	1.0	0.99	0.99	1.0	0.98	0.98	0.98	0.98	0.99	0.97	0.97	0.97	0.97	0.97	1.0	0.98	0.98	0.98	0.98	0.98	0.96	1.0	0.95	0.92	0.93	0.93	0.93	0.94	0.94	0.95	0.95	0.95	0.95	0.99	0.97	0.98	0.98	0.98	0.98	0.98	0.98	0.98	0.98	0.15	0.15	0.16	0.16	0.95	0.16	0.99	0.99	0.86	0.87	0.87	0.88	0.87	0.88	0.97	0.97	0.97	0.97	0.96	0.91	0.1	0.09	0.1	0.99	0.09	0.98	0.07	0.07	0.95	0.94	0.94	0.94	1.0	0.98	0.86	0.89	0.87	0.97	0.05	0.05	0.96	0.96	1.0	0.96	0.99	1.0	0.99	0.14	0.16	0.17	0.97	0.17	0.14	0.98	0.13	0.12	0.11	0.12	0.91	0.9	0.91	0.1	0.1	0.1	0.1	0.96	0.94	0.96	0.97	1.0	0.97	0.96	0.95	0.95	0.99	0.94	0.94	0.99	0.94	0.98	0.93	0.99	0.99	0.9	0.11	0.12	0.12	0.96	0.9	0.91	0.91	0.92	0.92	0.94	0.94	0.94	0.92	0.92	0.96	0.96	0.96	0.95	0.15	0.16	0.15	0.14	0.91	0.97	0.99	0.16	0.87	0.14	0.99	0.08	0.08	1.0	1.0	0.95	1.0	1.0	0.96	0.97	0.97	0.97	0.93	0.93	0.93	0.93	0.93	0.95	0.94	0.12	0.95	0.95	0.94	0.11	0.94	0.93	0.98	0.95	1.0	0.14	0.14	0.16	0.16	0.17	0.21	0.99	0.17	0.17	1.0	0.9	0.9	0.9	0.9	0.9	0.19	0.18	0.17	0.17	0.17	0.18	0.19	0.16	0.2	0.23	0.2	0.98	0.19	0.97	1.0	0.22	0.19	0.18	0.2	0.19	0.19	0.18	0.17	0.18	1.0	0.15	0.16	0.93	0.93	0.93	0.95	0.1	0.1	0.13	0.12	0.13	0.99	0.12	0.12	0.12	0.15	0.99	1.0	0.9	0.96	0.96	0.18	0.18	0.13	0.13	0.91	0.91	0.91	0.91	0.89	0.89	0.89	0.1	0.08	1.0	0.06	0.06	1.0	0.06	0.06	0.06	0.87	0.12	0.12	0.12	0.91	0.91	0.91	0.9	0.9	0.9	0.93	0.93	0.92	0.94	0.96	0.96	0.96	0.96	0.92	1.0	0.92	0.92	0.93	0.92	0.99	0.88	0.89	0.97	0.12	0.12	0.13	0.11	0.1	0.92	0.93	0.93	0.92	0.91	0.89	0.88	0.88	0.88	0.88	0.88	0.88	0.97	0.87	1.0	0.87	0.88	0.9	0.9	0.98	1.0	0.94	0.77	0.99	0.99	0.99	0.99	1.0	0.98	0.99	1.0	1.0	1.0	1.0	1.0	1.0	1.0	1.0	1.0	1.0	1.0	1.0	1.0	1.0	1.0	1.0	1.0	1.0	0.96	1.0	0.89	0.94	0.97	1.0	0.99	0.99	0.98	0.98	0.98	1.0	1.0	0.99	0.7
SRR5860645.cleaned	-1	-1	-1	-1	-1	-1	-1	-1	-1	-1	-1	-1	-1	-1	-1	-1	-1	-1	-1	-1	-1	-1	-1	-1	-1	-1	-1	-1	-1	-1	-1	-1	-1	-1	-1	-1	-1	-1	-1	-1	-1	-1	-1	-1	0.0	0.0	0.0	0.0	-1	-1	-1	-1	-1	-1	-1	-1	-1	-1	-1	-1	-1	-1	-1	-1	1.0	1.0	1.0	1.0	1.0	1.0	1.0	1.0	0.0	0.0	-1	-1	-1	-1	-1	-1	-1	-1	-1	0.0	1.0	1.0	1.0	0.95	1.0	0.86	1.0	1.0	0.0	0.0	0.0	0.0	1.0	-1	-1	-1	-1	0.0	1.0	1.0	0.0	0.0	1.0	0.0	0.85	0.96	0.95	1.0	1.0	1.0	0.92	1.0	1.0	0.74	1.0	1.0	1.0	1.0	0.0	0.0	0.36	1.0	1.0	1.0	1.0	0.72	0.0	0.0	-1	-1	-1	0.0	0.05	0.39	0.76	0.26	0.27	0.8	0.21	0.89	0.02	0.84	0.85	0.17	0.98	0.98	0.97	0.68	0.05	0.06	0.09	-1	-1	-1	-1	-1	-1	-1	-1	-1	-1	-1	1.0	1.0	1.0	0.97	0.39	0.88	0.93	1.0	0.17	1.0	0.97	1.0	1.0	1.0	0.9	-1	-1	-1	-1	-1	-1	-1	-1	-1	-1	-1	-1	0.71	0.71	1.0	0.29	0.29	0.96	1.0	0.96	0.96	1.0	0.04	-1	1.0	0.98	1.0	1.0	1.0	1.0	0.93	0.75	1.0	1.0	0.0	0.0	0.0	0.0	0.0	1.0	1.0	1.0	1.0	1.0	1.0	1.0	0.9	1.0	1.0	1.0	0.81	0.95	0.95	1.0	1.0	1.0	1.0	1.0	1.0	1.0	1.0	1.0	1.0	1.0	1.0	1.0	-1	-1	-1	-1	0.94	0.94	0.94	0.95	0.95	1.0	0.95	1.0	0.95	0.93	0.95	1.0	0.51	0.75	0.82	1.0	1.0	1.0	1.0	-1	-1	-1	-1	-1	-1	-1	1.0	1.0	0.94	1.0	1.0	1.0	1.0	1.0	1.0	0.24	0.96	0.96	0.96	0.15	0.15	0.15	0.15	0.13	0.13	0.73	-1	-1	-1	-1	-1	-1	-1	-1	-1	-1	-1	-1	-1	0.69	0.0	0.0	0.84	1.0	1.0	1.0	1.0	1.0	0.0	0.0	-1	-1	-1	-1	-1	-1	-1	-1	-1	-1	-1	-1	-1	-1	-1	-1	-1	-1	-1	-1	-1	-1	-1	-1	-1	-1	0.98	1.0	1.0	1.0	1.0	1.0	1.0	1.0	1.0	1.0	1.0	1.0	1.0	1.0	1.0	1.0	1.0	1.0	1.0	1.0	1.0	1.0	0.93	0.95	1.0	-1	0.0	0.0	0.0	0.0	0.0	1.0	-1	-1	-1
SRR5860656.cleaned	-1	-1	-1	-1	-1	-1	-1	-1	-1	-1	-1	-1	-1	-1	-1	-1	-1	-1	-1	-1	-1	-1	-1	-1	-1	-1	-1	-1	-1	-1	-1	-1	-1	-1	-1	-1	-1	-1	-1	-1	-1	-1	-1	-1	-1	-1	-1	-1	-1	-1	-1	-1	-1	-1	-1	-1	-1	-1	-1	-1	-1	-1	-1	-1	1.0	0.97	1.0	0.98	0.98	1.0	0.98	0.98	0.04	0.04	0.0	0.06	0.0	0.06	-1	-1	-1	-1	-1	-1	1.0	1.0	1.0	0.91	1.0	0.96	1.0	1.0	0.0	0.0	0.0	0.0	0.79	0.0	-1	-1	-1	0.0	1.0	1.0	0.0	0.03	1.0	0.0	0.88	0.99	0.92	1.0	1.0	1.0	0.84	1.0	1.0	0.85	1.0	1.0	1.0	1.0	-1	-1	-1	-1	-1	-1	1.0	0.69	0.0	0.0	0.0	-1	-1	0.0	0.0	0.35	0.7	0.3	0.3	0.75	0.25	0.9	0.0	0.81	0.83	0.17	1.0	1.0	1.0	0.74	0.0	0.0	-1	-1	-1	-1	-1	-1	-1	-1	-1	-1	-1	-1	1.0	1.0	1.0	1.0	0.37	0.91	0.95	1.0	0.18	1.0	0.95	1.0	0.97	1.0	0.89	0.0	1.0	1.0	0.0	-1	-1	-1	-1	-1	-1	-1	-1	0.76	0.76	1.0	0.24	0.24	0.94	1.0	0.94	0.94	1.0	0.06	-1	1.0	1.0	1.0	1.0	1.0	1.0	0.96	0.82	1.0	1.0	0.0	0.0	0.0	0.0	0.0	1.0	1.0	1.0	1.0	1.0	0.98	1.0	0.83	0.99	0.98	0.98	0.85	0.91	0.95	1.0	0.97	0.96	0.96	1.0	1.0	1.0	1.0	1.0	1.0	1.0	1.0	1.0	0.0	0.0	0.0	0.5	1.0	1.0	1.0	1.0	1.0	0.94	1.0	0.97	1.0	0.96	0.96	1.0	0.51	0.71	0.86	1.0	1.0	1.0	1.0	-1	-1	-1	-1	-1	-1	-1	1.0	1.0	0.96	1.0	1.0	0.89	1.0	1.0	1.0	0.11	1.0	1.0	1.0	-1	-1	-1	-1	-1	-1	-1	-1	-1	-1	-1	-1	-1	-1	0.08	1.0	0.08	0.08	0.25	0.08	0.88	0.06	0.06	0.86	0.96	0.96	1.0	0.97	1.0	0.0	0.0	-1	-1	-1	-1	-1	-1	-1	-1	-1	-1	-1	-1	-1	-1	-1	-1	-1	-1	-1	-1	-1	-1	-1	-1	-1	-1	0.95	0.99	1.0	1.0	1.0	1.0	1.0	1.0	1.0	1.0	1.0	1.0	1.0	1.0	1.0	1.0	1.0	1.0	1.0	0.99	1.0	1.0	0.93	1.0	1.0	-1	0.0	0.0	0.0	0.0	0.0	1.0	-1	-1	-1
SRR5860657.cleaned	-1	-1	-1	-1	-1	-1	-1	-1	-1	-1	-1	-1	-1	-1	-1	-1	-1	-1	-1	-1	-1	-1	-1	-1	-1	-1	-1	-1	-1	-1	-1	-1	-1	-1	-1	-1	-1	-1	-1	-1	-1	-1	-1	-1	0.0	0.0	0.0	0.0	-1	-1	-1	-1	-1	-1	-1	-1	-1	-1	-1	-1	-1	-1	-1	-1	1.0	1.0	0.98	0.98	0.96	1.0	0.95	0.94	0.1	0.1	0.0	0.15	0.0	0.14	-1	-1	-1	-1	-1	0.0	1.0	0.98	0.98	0.88	0.99	0.92	0.98	0.98	0.11	0.11	0.11	0.11	0.83	-1	-1	-1	-1	0.08	1.0	1.0	0.0	0.0	1.0	0.0	0.87	0.97	0.88	1.0	1.0	1.0	0.89	1.0	1.0	0.82	1.0	1.0	1.0	1.0	0.06	0.06	0.39	0.95	0.95	0.95	0.96	0.65	0.11	0.16	0.13	-1	-1	-1	0.15	0.52	0.69	0.39	0.39	0.77	0.3	0.96	0.06	0.84	0.85	0.19	0.98	0.98	1.0	0.76	0.0	0.0	-1	-1	-1	-1	-1	-1	-1	-1	-1	-1	-1	-1	0.98	0.98	0.98	0.98	0.44	0.91	0.88	1.0	0.07	1.0	0.86	0.95	0.95	1.0	0.94	0.06	1.0	1.0	0.08	-1	-1	-1	-1	-1	-1	-1	-1	0.78	0.78	1.0	0.22	0.22	0.97	1.0	0.97	0.97	1.0	0.07	-1	1.0	1.0	1.0	1.0	1.0	1.0	0.98	0.83	1.0	1.0	0.0	0.0	0.0	0.0	0.0	1.0	1.0	1.0	1.0	1.0	1.0	1.0	0.83	1.0	1.0	1.0	0.89	0.96	0.96	1.0	1.0	1.0	1.0	1.0	1.0	1.0	1.0	1.0	1.0	1.0	1.0	1.0	-1	-1	-1	-1	0.94	0.94	0.96	0.96	0.96	0.93	0.96	0.96	0.96	0.95	0.97	1.0	0.6	0.68	0.81	1.0	1.0	1.0	0.97	-1	-1	-1	-1	-1	-1	-1	1.0	1.0	0.97	1.0	1.0	0.92	1.0	1.0	1.0	0.22	1.0	1.0	0.96	-1	-1	-1	-1	0.09	0.09	0.36	-1	-1	-1	-1	-1	-1	-1	0.0	1.0	0.0	0.0	0.09	0.0	0.82	0.0	0.0	0.82	1.0	1.0	1.0	1.0	1.0	0.0	0.0	-1	-1	-1	-1	-1	-1	-1	-1	-1	-1	-1	-1	-1	-1	-1	-1	-1	-1	-1	-1	-1	-1	-1	-1	-1	-1	0.99	0.99	1.0	1.0	1.0	1.0	1.0	1.0	1.0	1.0	1.0	1.0	1.0	1.0	1.0	1.0	1.0	1.0	1.0	1.0	1.0	1.0	0.9	0.98	0.98	-1	-1	-1	0.07	0.0	0.0	1.0	-1	-1	-1
SRR5860658.cleaned	-1	-1	-1	-1	-1	-1	-1	-1	-1	-1	-1	-1	-1	-1	-1	-1	-1	-1	-1	-1	-1	-1	-1	-1	-1	-1	-1	-1	-1	-1	-1	-1	-1	-1	-1	-1	-1	-1	-1	-1	-1	-1	-1	-1	0.0	0.0	0.0	0.08	-1	-1	-1	-1	-1	-1	-1	-1	-1	-1	-1	-1	-1	-1	-1	-1	0.98	0.98	0.98	0.96	0.96	1.0	0.96	0.95	0.08	0.08	-1	-1	-1	-1	-1	-1	-1	-1	-1	0.0	1.0	1.0	0.97	0.94	1.0	0.92	1.0	1.0	0.0	0.0	0.0	0.0	0.92	-1	-1	-1	-1	-1	1.0	1.0	0.0	0.0	1.0	0.0	0.79	0.98	0.91	1.0	1.0	1.0	0.96	1.0	1.0	0.76	1.0	1.0	1.0	1.0	0.0	0.0	0.31	1.0	1.0	1.0	1.0	0.6	0.0	0.0	-1	-1	-1	-1	-1	0.62	0.54	0.46	0.46	0.59	0.42	0.81	0.03	0.65	0.72	0.28	1.0	1.0	1.0	0.91	0.0	0.0	-1	-1	-1	-1	-1	-1	-1	-1	-1	-1	-1	-1	1.0	1.0	1.0	1.0	0.41	0.89	0.88	1.0	0.03	1.0	0.92	1.0	1.0	1.0	1.0	-1	-1	-1	-1	-1	-1	-1	-1	-1	-1	-1	-1	0.73	0.73	1.0	0.27	0.27	1.0	1.0	0.94	0.94	0.94	0.08	-1	1.0	1.0	1.0	1.0	1.0	1.0	0.93	0.9	1.0	1.0	0.0	0.0	0.0	0.0	0.0	1.0	1.0	1.0	1.0	1.0	1.0	1.0	0.8	1.0	1.0	1.0	0.94	0.97	0.97	1.0	1.0	1.0	1.0	1.0	1.0	1.0	1.0	1.0	1.0	1.0	1.0	0.97	-1	-1	-1	-1	0.94	1.0	0.96	1.0	1.0	1.0	1.0	0.96	1.0	0.97	0.97	1.0	0.49	0.8	0.83	1.0	1.0	1.0	1.0	-1	-1	-1	-1	-1	-1	-1	-1	1.0	0.95	1.0	1.0	0.95	1.0	1.0	1.0	0.22	1.0	1.0	1.0	-1	-1	-1	-1	0.0	0.0	0.73	-1	-1	-1	-1	-1	-1	-1	-1	-1	-1	-1	-1	-1	0.94	0.0	0.0	0.66	1.0	1.0	1.0	1.0	1.0	-1	-1	-1	-1	-1	-1	-1	-1	-1	-1	-1	-1	-1	-1	-1	-1	-1	-1	-1	-1	-1	-1	-1	-1	-1	-1	-1	-1	0.99	0.99	1.0	1.0	1.0	1.0	1.0	1.0	1.0	1.0	1.0	1.0	1.0	1.0	1.0	1.0	1.0	1.0	1.0	1.0	1.0	1.0	0.92	0.95	1.0	-1	-1	-1	-1	0.0	0.0	1.0	-1	-1	-1
SRR5860659.cleaned	-1	-1	-1	-1	-1	-1	-1	-1	-1	-1	-1	-1	-1	-1	-1	-1	-1	-1	-1	-1	-1	-1	-1	-1	-1	-1	-1	-1	-1	-1	-1	-1	-1	-1	-1	-1	-1	-1	-1	-1	-1	-1	-1	-1	0.0	0.0	0.0	0.0	0.0	0.0	0.0	0.0	0.0	0.0	0.92	-1	-1	-1	-1	-1	-1	-1	-1	-1	0.98	0.98	0.96	0.96	0.96	1.0	0.95	0.95	0.1	0.1	0.0	0.13	0.0	0.13	-1	-1	-1	-1	-1	0.0	1.0	1.0	1.0	0.9	1.0	0.93	1.0	1.0	0.0	0.0	0.0	0.0	0.81	0.0	-1	-1	-1	0.0	1.0	1.0	0.0	0.0	1.0	0.03	0.82	0.98	0.96	1.0	1.0	1.0	0.85	0.99	1.0	0.87	1.0	1.0	1.0	1.0	0.0	0.0	0.14	1.0	1.0	1.0	1.0	0.76	0.0	0.0	0.0	-1	-1	-1	0.0	0.5	0.63	0.37	0.37	0.67	0.33	0.91	0.0	0.79	0.82	0.18	1.0	1.0	1.0	0.79	0.0	0.0	-1	-1	-1	-1	-1	-1	-1	-1	-1	-1	-1	-1	1.0	1.0	1.0	1.0	0.38	0.82	0.93	0.99	0.17	1.0	0.93	1.0	1.0	0.96	0.92	0.0	1.0	1.0	0.0	-1	-1	-1	-1	-1	-1	-1	-1	0.85	0.85	1.0	0.15	0.15	0.97	0.97	0.97	0.97	1.0	0.04	-1	1.0	0.98	1.0	1.0	1.0	1.0	0.98	0.81	1.0	1.0	0.0	0.0	0.0	0.0	0.0	1.0	1.0	1.0	1.0	1.0	1.0	1.0	0.87	1.0	1.0	1.0	0.9	0.9	0.91	1.0	1.0	1.0	1.0	1.0	1.0	1.0	1.0	1.0	1.0	1.0	1.0	1.0	0.0	0.0	0.0	0.48	1.0	1.0	1.0	1.0	1.0	0.84	1.0	1.0	1.0	0.91	0.91	1.0	0.51	0.81	0.85	1.0	1.0	1.0	1.0	-1	-1	-1	-1	-1	-1	-1	1.0	1.0	0.92	1.0	1.0	0.97	1.0	1.0	1.0	0.34	1.0	1.0	1.0	0.0	0.0	0.0	0.0	0.0	0.0	-1	-1	-1	-1	-1	-1	-1	-1	-1	-1	-1	-1	-1	-1	0.94	0.0	0.0	0.78	1.0	1.0	1.0	1.0	1.0	0.0	0.0	-1	-1	-1	-1	-1	-1	-1	-1	-1	-1	-1	-1	-1	-1	-1	-1	-1	-1	-1	-1	-1	-1	-1	-1	-1	-1	0.97	0.99	1.0	1.0	1.0	1.0	1.0	1.0	1.0	1.0	1.0	1.0	1.0	1.0	1.0	1.0	1.0	1.0	1.0	1.0	1.0	1.0	0.88	0.96	1.0	-1	-1	-1	0.0	0.0	0.0	1.0	-1	-1	-1
SRR5860660.cleaned	-1	-1	-1	-1	-1	-1	-1	-1	-1	-1	-1	-1	-1	-1	-1	-1	-1	-1	-1	-1	-1	-1	-1	-1	-1	-1	-1	-1	-1	-1	-1	-1	-1	-1	-1	-1	-1	-1	-1	-1	-1	-1	-1	-1	0.0	0.0	0.0	0.06	-1	-1	-1	-1	-1	-1	-1	-1	-1	-1	-1	-1	-1	-1	-1	-1	1.0	1.0	1.0	1.0	1.0	1.0	1.0	1.0	0.0	0.0	-1	-1	-1	-1	-1	-1	-1	-1	-1	0.0	1.0	1.0	1.0	0.89	1.0	0.92	1.0	1.0	0.0	0.0	0.0	0.0	0.75	-1	-1	-1	-1	0.0	1.0	1.0	0.0	0.0	1.0	0.0	0.9	0.99	0.96	1.0	1.0	1.0	0.92	1.0	1.0	0.67	1.0	1.0	1.0	1.0	-1	-1	-1	1.0	1.0	1.0	1.0	0.59	0.0	0.0	-1	-1	-1	-1	0.0	0.35	0.72	0.28	0.28	0.78	0.22	0.83	0.0	0.85	0.87	0.13	1.0	1.0	1.0	0.82	0.0	-1	-1	-1	-1	-1	-1	-1	-1	-1	-1	-1	-1	-1	1.0	1.0	1.0	1.0	0.39	0.9	0.9	1.0	0.17	1.0	0.91	1.0	1.0	1.0	0.89	0.0	1.0	1.0	-1	-1	-1	-1	-1	-1	-1	-1	-1	0.89	0.89	1.0	0.11	0.12	1.0	1.0	1.0	1.0	1.0	0.0	-1	1.0	1.0	1.0	1.0	1.0	1.0	0.94	0.8	1.0	1.0	0.0	0.0	0.0	0.0	0.0	1.0	1.0	1.0	1.0	1.0	1.0	1.0	0.83	1.0	1.0	1.0	0.83	0.9	0.91	1.0	1.0	1.0	1.0	1.0	1.0	1.0	1.0	1.0	1.0	1.0	1.0	1.0	0.0	0.0	0.0	0.5	1.0	1.0	1.0	1.0	1.0	0.92	1.0	1.0	1.0	0.9	0.91	1.0	0.51	0.79	0.77	1.0	1.0	0.95	1.0	-1	-1	-1	-1	-1	-1	-1	1.0	1.0	1.0	1.0	1.0	0.98	1.0	1.0	1.0	0.17	1.0	1.0	1.0	-1	-1	-1	-1	-1	-1	-1	-1	-1	-1	-1	-1	-1	-1	0.0	1.0	0.0	0.0	0.09	0.0	0.88	0.0	0.0	0.87	1.0	1.0	1.0	1.0	1.0	0.0	0.0	-1	-1	-1	-1	-1	-1	-1	-1	-1	-1	-1	-1	-1	-1	-1	-1	-1	-1	-1	-1	-1	-1	-1	-1	-1	-1	0.99	0.98	1.0	1.0	1.0	1.0	1.0	1.0	1.0	1.0	1.0	1.0	1.0	1.0	1.0	1.0	1.0	1.0	1.0	0.99	1.0	1.0	0.93	1.0	0.97	-1	-1	-1	0.08	0.0	0.0	1.0	-1	-1	-1
SRR5860661.cleaned	-1	-1	-1	-1	-1	-1	-1	-1	0.0	0.0	0.0	0.0	0.0	0.0	0.0	-1	-1	-1	-1	-1	-1	-1	-1	-1	-1	-1	-1	-1	-1	-1	-1	-1	-1	-1	-1	-1	-1	-1	-1	-1	-1	-1	-1	-1	0.0	0.0	0.0	0.0	-1	-1	-1	-1	-1	-1	-1	-1	-1	-1	-1	-1	-1	-1	-1	-1	1.0	0.97	0.95	0.95	0.96	1.0	0.95	0.95	0.08	0.08	0.0	0.17	0.0	0.17	-1	-1	-1	-1	-1	0.0	1.0	1.0	1.0	0.95	1.0	0.97	1.0	1.0	0.0	0.0	0.0	0.0	0.92	-1	-1	-1	-1	0.0	1.0	1.0	0.0	0.0	1.0	0.0	0.78	0.98	0.88	1.0	1.0	1.0	0.88	1.0	1.0	0.86	1.0	1.0	1.0	1.0	0.0	0.0	0.11	1.0	1.0	1.0	1.0	0.68	-1	-1	-1	-1	-1	-1	0.0	0.44	0.63	0.35	0.35	0.72	0.29	0.88	0.0	0.77	0.78	0.23	1.0	1.0	1.0	0.73	0.0	-1	-1	-1	-1	-1	-1	-1	-1	-1	-1	-1	-1	-1	1.0	1.0	1.0	1.0	0.59	0.82	0.93	1.0	0.0	1.0	0.91	1.0	1.0	1.0	1.0	0.0	1.0	1.0	-1	-1	-1	-1	-1	-1	-1	-1	-1	0.78	0.78	1.0	0.22	0.22	0.94	1.0	0.94	0.94	1.0	0.07	-1	1.0	0.97	1.0	1.0	1.0	1.0	0.98	0.79	1.0	1.0	0.0	0.0	0.0	0.0	0.0	1.0	1.0	1.0	1.0	1.0	0.98	1.0	0.85	1.0	1.0	1.0	0.94	0.92	0.92	1.0	1.0	1.0	1.0	1.0	1.0	1.0	1.0	1.0	1.0	1.0	1.0	1.0	0.0	0.0	0.0	0.29	1.0	1.0	1.0	1.0	1.0	0.97	1.0	1.0	1.0	0.97	0.97	1.0	0.48	0.82	0.81	1.0	1.0	1.0	1.0	-1	-1	-1	-1	-1	-1	-1	-1	1.0	0.94	1.0	1.0	1.0	1.0	1.0	1.0	0.32	1.0	1.0	1.0	0.0	0.0	0.0	0.0	0.0	0.0	0.75	-1	-1	-1	-1	-1	-1	-1	-1	-1	-1	-1	-1	-1	-1	0.0	0.0	0.77	1.0	1.0	0.92	1.0	1.0	-1	-1	-1	-1	-1	-1	-1	-1	-1	-1	-1	-1	-1	-1	-1	-1	-1	-1	-1	-1	-1	-1	-1	-1	-1	-1	-1	-1	0.96	0.99	1.0	1.0	1.0	1.0	1.0	1.0	1.0	1.0	1.0	1.0	1.0	1.0	0.99	1.0	1.0	1.0	1.0	1.0	1.0	1.0	0.92	1.0	1.0	-1	-1	-1	0.0	0.0	0.0	1.0	-1	-1	-1
SRR5860662.cleaned	-1	-1	-1	-1	-1	-1	-1	-1	-1	-1	-1	-1	-1	-1	-1	-1	-1	-1	-1	-1	-1	-1	-1	-1	-1	-1	-1	-1	-1	-1	-1	-1	-1	-1	-1	-1	-1	-1	-1	-1	-1	-1	-1	-1	0.0	0.0	0.0	0.0	-1	-1	-1	-1	-1	-1	-1	-1	-1	-1	-1	-1	-1	-1	-1	-1	1.0	1.0	0.98	0.98	0.98	1.0	0.96	0.97	0.09	0.09	0.09	0.18	-1	0.18	-1	-1	-1	-1	-1	0.05	0.95	1.0	1.0	0.92	1.0	0.94	1.0	1.0	0.0	0.0	0.0	0.0	0.76	-1	-1	-1	-1	0.0	1.0	1.0	0.0	0.0	1.0	0.0	0.88	1.0	0.89	0.98	0.96	0.98	0.85	0.98	0.97	0.82	0.96	0.96	0.94	0.94	-1	-1	-1	1.0	1.0	1.0	1.0	0.57	0.0	0.0	-1	-1	-1	-1	0.0	0.28	0.72	0.28	0.28	0.78	0.22	0.93	0.0	0.85	0.85	0.15	1.0	1.0	1.0	0.9	0.0	0.0	0.0	-1	-1	-1	-1	-1	-1	-1	-1	-1	-1	-1	1.0	1.0	1.0	1.0	0.52	0.91	0.82	1.0	0.04	1.0	0.86	1.0	1.0	1.0	1.0	0.0	1.0	1.0	-1	-1	-1	-1	-1	-1	-1	-1	-1	0.78	0.78	1.0	0.22	0.22	0.95	1.0	0.95	0.95	1.0	0.05	-1	1.0	1.0	1.0	0.98	0.98	0.98	0.94	0.76	0.97	1.0	0.08	0.08	0.08	0.08	0.08	0.94	0.94	1.0	1.0	1.0	1.0	1.0	0.85	1.0	1.0	1.0	0.82	0.85	0.85	1.0	1.0	1.0	1.0	1.0	1.0	1.0	1.0	1.0	1.0	1.0	1.0	1.0	-1	-1	-1	0.64	1.0	1.0	1.0	1.0	1.0	0.94	0.97	1.0	1.0	0.96	0.96	1.0	0.6	0.75	0.81	1.0	1.0	1.0	1.0	-1	-1	-1	-1	-1	-1	-1	1.0	1.0	0.97	1.0	1.0	1.0	1.0	1.0	1.0	0.24	1.0	1.0	1.0	-1	-1	-1	-1	-1	-1	-1	-1	-1	-1	-1	-1	-1	-1	-1	-1	-1	-1	-1	-1	1.0	0.0	0.0	0.86	1.0	0.96	0.97	0.93	0.93	0.2	0.2	-1	-1	-1	-1	-1	-1	-1	-1	-1	-1	-1	-1	-1	-1	-1	-1	-1	-1	-1	-1	-1	-1	-1	-1	-1	-1	0.94	1.0	1.0	1.0	1.0	1.0	1.0	1.0	1.0	1.0	1.0	1.0	1.0	0.99	0.99	1.0	1.0	1.0	1.0	1.0	1.0	1.0	0.89	1.0	1.0	-1	-1	-1	-1	-1	-1	-1	-1	-1	-1
SRR5860663.cleaned	-1	-1	-1	-1	-1	-1	-1	-1	-1	-1	-1	-1	-1	-1	-1	-1	-1	-1	-1	-1	-1	-1	-1	-1	-1	-1	-1	-1	-1	-1	-1	-1	-1	-1	-1	-1	-1	-1	-1	-1	-1	-1	-1	-1	0.0	0.0	0.0	0.09	-1	-1	-1	-1	-1	-1	-1	-1	-1	-1	-1	-1	-1	-1	-1	-1	1.0	1.0	1.0	1.0	0.98	1.0	0.98	0.97	0.05	0.05	0.0	0.09	0.0	-1	-1	-1	-1	-1	-1	-1	1.0	1.0	1.0	1.0	1.0	0.93	1.0	1.0	0.0	0.0	0.0	0.0	1.0	-1	-1	-1	-1	-1	-1	-1	-1	-1	-1	-1	0.89	0.94	0.87	1.0	1.0	1.0	0.8	1.0	0.97	0.91	1.0	1.0	1.0	1.0	0.0	0.0	0.15	1.0	1.0	1.0	1.0	0.76	0.0	0.0	0.0	-1	-1	-1	-1	0.79	0.5	0.5	0.5	0.59	0.41	0.9	0.0	0.72	0.78	0.22	1.0	1.0	1.0	0.86	0.0	-1	-1	-1	-1	-1	-1	-1	-1	-1	-1	-1	-1	-1	1.0	1.0	1.0	1.0	0.44	0.94	0.92	1.0	0.12	1.0	0.86	1.0	1.0	1.0	1.0	0.0	1.0	1.0	-1	-1	-1	-1	-1	-1	-1	-1	-1	0.88	0.87	1.0	0.12	0.12	1.0	1.0	1.0	1.0	1.0	0.0	-1	1.0	1.0	1.0	1.0	1.0	1.0	0.95	0.8	1.0	1.0	0.0	0.0	0.0	0.0	0.0	1.0	1.0	1.0	1.0	1.0	1.0	1.0	0.86	1.0	1.0	1.0	0.85	0.82	0.84	1.0	1.0	1.0	1.0	1.0	1.0	1.0	1.0	1.0	1.0	1.0	1.0	1.0	0.0	0.0	0.0	0.38	1.0	1.0	1.0	1.0	1.0	0.9	1.0	1.0	1.0	0.89	0.91	1.0	0.39	0.89	0.82	1.0	1.0	1.0	1.0	-1	-1	-1	-1	-1	-1	-1	1.0	1.0	0.95	1.0	1.0	0.9	1.0	1.0	1.0	0.31	1.0	1.0	1.0	-1	-1	-1	-1	0.0	0.0	0.64	-1	-1	-1	-1	-1	-1	-1	-1	-1	-1	-1	-1	-1	-1	-1	-1	0.88	1.0	1.0	1.0	1.0	1.0	0.08	0.0	-1	-1	-1	-1	-1	-1	-1	-1	-1	-1	-1	-1	-1	-1	-1	-1	-1	-1	-1	-1	-1	-1	-1	-1	-1	-1	0.99	1.0	1.0	1.0	1.0	1.0	1.0	1.0	1.0	1.0	1.0	1.0	1.0	0.99	0.99	1.0	1.0	1.0	1.0	0.99	1.0	1.0	0.9	1.0	0.96	-1	0.09	0.0	0.0	0.0	0.0	1.0	-1	-1	-1
SRR5860664.cleaned	-1	-1	-1	-1	-1	-1	-1	-1	-1	-1	-1	-1	-1	-1	-1	-1	-1	-1	-1	-1	-1	-1	-1	-1	-1	-1	-1	-1	-1	-1	-1	-1	-1	-1	-1	-1	-1	-1	-1	-1	-1	-1	-1	-1	0.0	0.0	0.0	0.0	-1	-1	-1	-1	-1	-1	-1	-1	-1	-1	-1	-1	-1	-1	-1	-1	0.97	0.95	0.91	0.94	0.95	0.96	0.93	0.95	0.23	0.23	0.11	0.28	0.11	0.24	-1	-1	-1	-1	-1	0.0	1.0	1.0	1.0	0.96	0.98	0.9	0.98	0.98	0.06	0.06	0.0	0.0	0.82	-1	-1	-1	-1	-1	0.93	0.93	0.07	0.07	1.0	0.13	0.83	1.0	0.89	0.99	0.97	0.97	0.89	0.97	0.96	0.8	0.97	0.96	0.95	0.95	0.05	0.05	0.3	0.95	0.95	0.95	0.95	0.55	0.06	0.09	-1	-1	-1	0.09	0.0	0.41	0.64	0.36	0.36	0.7	0.3	0.96	0.0	0.78	0.8	0.21	1.0	1.0	1.0	0.71	0.0	0.0	0.0	-1	-1	-1	-1	-1	-1	-1	-1	-1	-1	-1	1.0	1.0	1.0	1.0	0.38	0.89	0.96	1.0	0.0	1.0	1.0	1.0	1.0	1.0	1.0	0.0	1.0	1.0	-1	-1	-1	-1	-1	-1	-1	-1	-1	0.8	0.8	1.0	0.2	0.2	1.0	1.0	1.0	1.0	1.0	0.0	-1	1.0	1.0	1.0	1.0	1.0	1.0	0.98	0.79	0.98	1.0	0.06	0.06	0.06	0.06	0.06	0.97	0.97	0.97	0.97	1.0	1.0	1.0	0.92	0.99	0.99	0.98	0.72	0.89	0.92	0.98	0.98	1.0	1.0	1.0	1.0	1.0	1.0	1.0	1.0	1.0	1.0	1.0	0.0	0.0	0.0	0.45	1.0	1.0	1.0	1.0	1.0	0.96	1.0	1.0	1.0	0.88	0.89	1.0	0.52	0.72	0.77	0.97	0.97	0.95	0.95	-1	-1	-1	-1	-1	-1	-1	0.83	0.93	1.0	0.88	0.88	0.94	1.0	0.97	0.97	0.35	1.0	1.0	1.0	0.0	0.0	0.0	0.0	0.0	0.0	0.5	-1	-1	-1	-1	-1	-1	-1	0.0	1.0	0.0	0.0	0.15	0.0	0.87	0.0	0.0	0.88	1.0	1.0	1.0	1.0	1.0	0.0	0.0	-1	-1	-1	-1	-1	-1	-1	-1	-1	-1	-1	-1	-1	-1	-1	-1	-1	-1	-1	-1	-1	-1	-1	-1	-1	-1	0.98	0.98	1.0	1.0	1.0	1.0	1.0	1.0	1.0	1.0	1.0	1.0	1.0	1.0	1.0	1.0	1.0	1.0	1.0	1.0	1.0	1.0	0.91	1.0	1.0	-1	-1	-1	-1	-1	-1	-1	-1	-1	-1
SRR5860665.cleaned	-1	-1	-1	-1	-1	-1	-1	-1	-1	-1	-1	-1	-1	-1	-1	-1	-1	-1	-1	-1	-1	-1	-1	-1	-1	-1	-1	-1	-1	-1	-1	-1	-1	-1	-1	-1	-1	-1	-1	-1	-1	0.0	1.0	0.0	0.0	0.0	0.0	0.0	-1	-1	-1	-1	-1	-1	-1	-1	-1	-1	-1	-1	-1	-1	-1	-1	1.0	1.0	1.0	1.0	0.96	1.0	0.95	0.94	0.12	0.12	-1	-1	-1	-1	-1	-1	-1	-1	-1	0.0	1.0	1.0	1.0	0.97	1.0	0.96	1.0	1.0	0.0	0.0	0.0	0.0	0.91	-1	-1	-1	-1	0.0	1.0	1.0	0.0	0.0	1.0	0.0	0.73	1.0	0.98	0.98	1.0	1.0	0.79	1.0	1.0	0.88	1.0	1.0	1.0	0.97	0.0	0.0	0.19	1.0	1.0	1.0	1.0	0.52	0.0	0.0	-1	-1	-1	-1	0.0	0.37	0.69	0.31	0.31	0.75	0.25	0.91	0.0	0.82	0.84	0.15	1.0	1.0	1.0	0.84	0.0	0.0	-1	-1	-1	-1	-1	-1	-1	-1	-1	-1	-1	-1	1.0	1.0	1.0	1.0	0.31	0.94	0.95	1.0	0.09	1.0	1.0	1.0	1.0	1.0	1.0	0.0	1.0	1.0	-1	-1	-1	-1	0.0	0.0	0.06	0.0	0.0	0.61	0.61	1.0	0.39	0.39	0.93	1.0	0.93	0.93	0.96	0.08	-1	1.0	1.0	1.0	1.0	1.0	1.0	0.92	0.87	1.0	1.0	0.0	0.0	0.0	0.0	0.0	1.0	1.0	1.0	1.0	1.0	1.0	1.0	0.88	1.0	1.0	1.0	0.8	0.89	0.91	1.0	1.0	1.0	1.0	0.97	1.0	1.0	1.0	1.0	1.0	1.0	1.0	0.97	0.0	0.0	0.0	0.5	1.0	1.0	1.0	1.0	1.0	0.88	1.0	0.97	1.0	0.91	0.92	1.0	0.56	0.68	0.84	1.0	1.0	1.0	1.0	-1	-1	-1	-1	-1	-1	-1	1.0	1.0	1.0	1.0	1.0	0.91	1.0	1.0	1.0	0.34	1.0	1.0	1.0	0.0	0.0	0.0	0.0	0.0	0.0	0.79	-1	-1	-1	-1	-1	-1	-1	0.0	1.0	0.0	0.0	0.18	0.0	0.81	0.0	0.0	0.83	1.0	1.0	0.98	1.0	1.0	0.0	0.0	-1	-1	-1	-1	-1	-1	-1	-1	-1	-1	-1	-1	-1	-1	-1	-1	-1	-1	-1	-1	-1	-1	-1	-1	-1	-1	0.98	0.99	1.0	1.0	1.0	1.0	1.0	1.0	1.0	1.0	1.0	1.0	1.0	1.0	1.0	1.0	1.0	0.99	1.0	0.99	1.0	1.0	0.97	1.0	1.0	-1	-1	-1	0.09	0.08	0.08	1.0	-1	-1	-1
SRR5860666.cleaned	1.0	1.0	0.99	1.0	1.0	1.0	1.0	1.0	0.96	0.96	0.96	0.96	0.96	0.96	0.96	0.97	0.97	0.97	1.0	1.0	1.0	1.0	1.0	1.0	1.0	0.99	0.99	0.99	0.99	0.99	0.99	0.99	0.99	0.99	0.99	0.94	1.0	0.99	1.0	1.0	1.0	0.99	1.0	0.98	0.96	0.96	0.96	0.96	0.98	0.98	0.98	0.98	0.98	0.9	0.99	0.99	0.99	1.0	1.0	1.0	1.0	1.0	1.0	1.0	0.08	0.08	0.1	0.12	1.0	0.13	1.0	1.0	0.93	0.93	0.96	0.96	0.96	0.91	1.0	1.0	1.0	0.99	0.99	0.94	0.04	0.05	0.06	1.0	0.09	0.99	0.06	0.07	0.96	0.96	0.96	0.97	1.0	0.98	1.0	1.0	1.0	0.96	0.06	0.06	0.94	0.94	1.0	0.94	0.99	1.0	0.98	0.12	0.12	0.13	0.98	0.13	0.1	0.98	0.07	0.06	0.04	0.04	0.98	0.98	0.98	0.04	0.04	0.03	0.04	0.99	0.96	0.97	0.97	0.27	0.98	0.97	0.95	0.95	0.98	0.92	0.93	0.98	0.91	0.99	0.88	0.98	0.98	0.88	0.1	0.09	0.08	0.98	0.95	0.97	0.97	0.99	0.99	1.0	1.0	1.0	1.0	1.0	0.99	0.99	1.0	1.0	0.09	0.09	0.09	0.09	0.94	0.99	0.98	0.11	0.92	0.08	0.99	0.06	0.06	1.0	0.99	0.96	0.99	1.0	0.97	1.0	1.0	1.0	0.97	0.97	0.96	0.96	0.96	0.96	0.96	0.13	0.91	0.91	0.99	0.1	0.99	0.99	1.0	0.91	0.8	0.08	0.08	0.09	0.09	0.09	0.09	1.0	0.04	0.05	1.0	0.98	0.98	0.98	0.98	0.98	0.04	0.04	0.09	0.09	0.09	0.13	0.13	0.13	0.18	0.18	0.15	0.98	0.12	0.99	1.0	0.13	0.06	0.06	0.06	0.06	0.06	0.11	0.11	0.11	1.0	0.1	0.1	0.96	0.96	0.96	0.97	0.05	0.06	0.08	0.08	0.08	0.99	0.07	0.07	0.07	0.14	0.99	1.0	0.92	0.97	0.99	0.1	0.1	0.06	0.06	1.0	1.0	1.0	1.0	0.99	0.99	0.99	0.05	0.07	0.99	0.08	0.09	0.99	0.12	0.12	0.11	0.91	0.06	0.06	0.06	0.97	0.97	0.97	0.97	0.97	0.97	1.0	0.99	1.0	1.0	0.99	0.99	0.99	0.99	0.98	1.0	0.98	0.98	0.98	0.98	1.0	0.97	0.97	0.99	0.05	0.05	0.08	0.09	0.09	0.95	0.95	1.0	1.0	1.0	1.0	1.0	1.0	1.0	1.0	1.0	1.0	1.0	1.0	1.0	1.0	1.0	1.0	1.0	1.0	1.0	0.91	0.38	0.78	0.9	0.91	0.9	1.0	0.98	0.99	1.0	1.0	1.0	1.0	1.0	1.0	1.0	1.0	1.0	1.0	1.0	1.0	1.0	1.0	1.0	0.99	1.0	1.0	0.97	1.0	0.95	0.98	1.0	1.0	0.93	0.93	0.91	0.91	0.93	1.0	1.0	0.97	1.0
SRR5860667.cleaned	1.0	1.0	0.96	1.0	1.0	1.0	1.0	1.0	0.96	0.96	0.96	0.96	0.96	0.96	0.96	0.97	0.97	0.97	1.0	1.0	1.0	1.0	0.99	0.98	1.0	0.98	0.99	0.99	0.99	0.99	0.99	0.99	1.0	1.0	1.0	1.0	1.0	1.0	1.0	1.0	1.0	0.99	1.0	0.99	0.96	0.96	0.96	0.96	0.98	0.98	0.98	0.98	0.98	0.98	1.0	0.99	1.0	1.0	1.0	1.0	1.0	1.0	1.0	1.0	0.08	0.08	0.09	0.09	1.0	0.11	1.0	1.0	0.95	0.96	0.97	0.97	0.97	0.93	1.0	1.0	1.0	0.99	0.99	0.92	0.06	0.07	0.09	0.99	0.12	0.99	0.09	0.09	0.95	0.95	0.95	0.95	1.0	0.98	1.0	1.0	1.0	0.97	0.04	0.04	0.96	0.96	1.0	0.96	0.99	1.0	0.98	0.1	0.08	0.11	0.98	0.11	0.09	0.99	0.06	0.05	0.04	0.04	0.98	0.98	0.98	0.03	0.03	0.03	0.04	0.98	0.96	0.97	0.97	0.25	0.99	0.99	0.97	0.98	0.98	0.97	0.97	0.98	0.95	1.0	0.91	0.98	0.98	0.9	0.12	0.12	0.1	0.98	0.93	0.95	0.96	0.98	0.98	1.0	1.0	1.0	1.0	1.0	1.0	1.0	1.0	1.0	0.09	0.09	0.09	0.09	0.92	0.99	0.99	0.09	0.94	0.05	1.0	0.03	0.03	1.0	1.0	0.98	1.0	1.0	0.99	1.0	1.0	1.0	0.98	0.98	0.98	0.98	0.98	0.98	0.98	0.09	0.93	0.92	1.0	0.08	1.0	1.0	1.0	0.93	0.93	0.1	0.11	0.11	0.11	0.11	0.12	1.0	0.07	0.09	1.0	0.96	0.96	0.96	0.96	0.96	0.05	0.05	0.08	0.08	0.08	0.11	0.11	0.12	0.16	0.15	0.11	0.99	0.09	0.99	1.0	0.11	0.07	0.07	0.07	0.07	0.07	0.1	0.09	0.09	1.0	0.08	0.07	0.97	0.97	0.97	0.98	0.05	0.05	0.06	0.05	0.05	1.0	0.05	0.05	0.05	0.12	0.99	1.0	0.93	0.96	0.97	0.1	0.11	0.07	0.07	1.0	1.0	1.0	1.0	1.0	1.0	0.99	0.05	0.06	1.0	0.08	0.08	0.99	0.11	0.11	0.1	0.92	0.06	0.06	0.06	0.97	0.97	0.97	0.97	0.97	0.97	0.99	0.99	0.99	0.99	0.99	0.99	0.99	0.99	0.98	1.0	0.98	0.98	0.98	0.98	1.0	0.97	0.97	1.0	0.05	0.05	0.07	0.07	0.07	0.97	0.97	1.0	1.0	1.0	1.0	1.0	1.0	1.0	1.0	1.0	1.0	1.0	1.0	1.0	1.0	1.0	1.0	1.0	1.0	1.0	0.89	0.44	0.83	0.94	0.94	0.94	1.0	0.97	0.99	1.0	1.0	1.0	1.0	1.0	1.0	1.0	1.0	1.0	1.0	1.0	1.0	0.99	1.0	1.0	1.0	1.0	1.0	0.98	1.0	0.97	0.96	0.99	1.0	0.95	0.96	0.95	0.95	0.95	1.0	1.0	0.96	1.0
SRR5860668.cleaned	1.0	1.0	1.0	0.7	0.76	0.97	1.0	0.97	0.87	0.88	0.87	0.87	0.87	0.88	0.89	0.91	0.91	0.91	0.94	0.94	0.94	1.0	0.98	0.98	1.0	0.97	0.96	0.97	0.96	0.97	0.95	0.94	0.95	0.95	0.96	1.0	0.96	0.96	0.96	0.96	0.96	0.94	1.0	0.93	0.91	0.92	0.92	0.93	0.94	0.94	0.95	0.95	0.95	0.95	0.99	0.96	0.97	0.97	0.97	0.97	0.97	0.97	0.97	0.97	0.18	0.18	0.19	0.19	0.96	0.18	1.0	1.0	0.86	0.86	0.87	0.88	0.88	0.87	0.97	0.97	0.97	0.95	0.95	0.88	0.13	0.11	0.11	0.99	0.12	0.98	0.12	0.12	0.94	0.93	0.93	0.93	0.99	0.96	0.94	0.96	0.98	0.95	0.09	0.08	0.92	0.92	1.0	0.93	0.98	0.99	0.99	0.19	0.21	0.23	0.97	0.23	0.19	0.98	0.17	0.15	0.15	0.15	0.88	0.88	0.89	0.14	0.14	0.13	0.14	0.92	0.92	0.93	0.94	1.0	0.97	0.97	0.96	0.96	0.99	0.95	0.95	0.99	0.95	0.99	0.92	0.99	0.99	0.91	0.11	0.11	0.12	0.97	0.91	0.91	0.92	0.92	0.92	0.95	0.95	0.95	0.92	0.93	0.96	0.95	0.95	0.95	0.16	0.16	0.16	0.15	0.92	0.97	0.98	0.2	0.83	0.19	0.99	0.13	0.12	1.0	0.99	0.92	0.99	0.99	0.92	0.95	0.95	0.95	0.93	0.93	0.93	0.93	0.93	0.95	0.94	0.09	0.97	0.97	0.95	0.08	0.94	0.94	0.99	0.97	1.0	0.18	0.18	0.2	0.2	0.21	0.24	0.98	0.19	0.19	1.0	0.91	0.91	0.91	0.91	0.91	0.18	0.18	0.22	0.22	0.21	0.22	0.23	0.22	0.25	0.26	0.25	0.97	0.22	0.98	1.0	0.24	0.2	0.2	0.21	0.2	0.21	0.21	0.2	0.21	1.0	0.18	0.18	0.9	0.9	0.91	0.93	0.14	0.14	0.17	0.16	0.17	0.99	0.16	0.16	0.16	0.19	0.98	1.0	0.83	0.94	0.96	0.25	0.25	0.19	0.2	0.85	0.85	0.86	0.86	0.84	0.84	0.84	0.14	0.13	0.99	0.12	0.12	1.0	0.12	0.12	0.12	0.83	0.16	0.16	0.16	0.88	0.88	0.87	0.87	0.87	0.87	0.89	0.9	0.89	0.94	0.96	0.96	0.96	0.96	0.93	1.0	0.93	0.93	0.94	0.93	0.99	0.88	0.9	0.96	0.15	0.15	0.18	0.16	0.16	0.87	0.88	0.91	0.89	0.89	0.87	0.87	0.87	0.87	0.86	0.86	0.86	0.99	0.86	1.0	0.86	0.88	0.9	0.9	0.98	1.0	0.91	0.83	0.96	0.97	0.97	0.96	1.0	0.97	1.0	1.0	1.0	1.0	1.0	1.0	1.0	1.0	1.0	1.0	1.0	1.0	1.0	1.0	1.0	1.0	1.0	1.0	1.0	0.99	1.0	0.89	0.94	0.99	1.0	0.93	0.93	0.92	0.93	0.92	1.0	1.0	1.0	0.69
SRR5860669.cleaned	1.0	1.0	0.99	0.76	0.66	0.94	1.0	0.97	0.88	0.88	0.87	0.87	0.88	0.89	0.9	0.91	0.91	0.91	0.94	0.94	0.94	1.0	0.98	0.98	1.0	0.96	0.96	0.96	0.94	0.97	0.94	0.93	0.94	0.94	0.95	1.0	0.96	0.96	0.95	0.95	0.95	0.93	1.0	0.91	0.9	0.91	0.91	0.91	0.93	0.93	0.94	0.94	0.94	0.94	0.99	0.97	0.96	0.96	0.96	0.96	0.96	0.96	0.96	0.96	0.23	0.23	0.24	0.24	0.99	0.22	0.99	0.99	0.81	0.81	0.83	0.84	0.83	0.84	0.95	0.95	0.95	0.91	0.91	0.82	0.19	0.17	0.18	0.99	0.18	0.99	0.17	0.15	0.92	0.91	0.91	0.91	1.0	0.96	0.92	0.93	0.96	0.9	0.14	0.14	0.86	0.88	1.0	0.87	0.98	0.98	0.99	0.25	0.28	0.29	0.99	0.28	0.23	0.98	0.19	0.17	0.17	0.17	0.86	0.86	0.87	0.17	0.17	0.17	0.18	0.93	0.89	0.91	0.92	1.0	0.94	0.92	0.89	0.89	0.99	0.87	0.87	0.99	0.87	0.99	0.84	0.99	0.99	0.83	0.15	0.14	0.14	0.97	0.88	0.89	0.91	0.92	0.92	0.95	0.95	0.95	0.9	0.91	0.93	0.93	0.92	0.93	0.23	0.23	0.23	0.2	0.91	0.99	0.98	0.25	0.77	0.24	0.98	0.15	0.15	0.99	0.99	0.88	0.99	0.99	0.89	0.92	0.92	0.92	0.91	0.91	0.9	0.9	0.91	0.93	0.93	0.15	0.93	0.94	0.93	0.14	0.93	0.93	0.98	0.93	1.0	0.21	0.19	0.23	0.23	0.23	0.26	0.98	0.25	0.26	1.0	0.88	0.88	0.88	0.88	0.88	0.22	0.22	0.25	0.25	0.24	0.24	0.26	0.23	0.28	0.28	0.26	0.98	0.24	0.98	1.0	0.26	0.23	0.23	0.23	0.22	0.22	0.23	0.22	0.22	1.0	0.21	0.22	0.87	0.88	0.88	0.9	0.17	0.17	0.21	0.2	0.21	0.99	0.2	0.19	0.2	0.26	0.99	0.99	0.81	0.93	0.97	0.3	0.3	0.2	0.2	0.87	0.87	0.87	0.87	0.85	0.85	0.85	0.16	0.15	0.99	0.14	0.14	1.0	0.12	0.12	0.12	0.82	0.15	0.15	0.15	0.89	0.88	0.88	0.88	0.88	0.88	0.91	0.91	0.91	0.95	0.94	0.94	0.94	0.95	0.92	1.0	0.92	0.92	0.92	0.92	0.99	0.85	0.88	0.97	0.16	0.16	0.16	0.14	0.14	0.87	0.88	0.93	0.92	0.92	0.89	0.89	0.88	0.89	0.88	0.88	0.88	1.0	0.88	1.0	0.88	0.9	0.91	0.91	0.96	1.0	0.94	0.79	0.98	0.99	0.99	0.99	1.0	0.96	1.0	1.0	1.0	1.0	1.0	1.0	1.0	1.0	1.0	1.0	1.0	1.0	1.0	0.99	1.0	1.0	0.99	1.0	1.0	0.98	1.0	0.89	0.93	0.95	1.0	0.96	0.95	0.94	0.94	0.92	1.0	1.0	1.0	0.68
SRR5860670.cleaned	1.0	0.99	0.97	0.82	0.6	0.93	1.0	0.98	0.87	0.87	0.86	0.86	0.87	0.88	0.88	0.89	0.9	0.9	0.94	0.93	0.94	1.0	0.97	0.97	1.0	0.96	0.95	0.95	0.94	0.97	0.93	0.93	0.95	0.94	0.95	1.0	0.95	0.95	0.95	0.95	0.95	0.93	1.0	0.92	0.9	0.9	0.9	0.91	0.93	0.92	0.93	0.93	0.93	0.94	0.98	0.96	0.96	0.96	0.96	0.96	0.96	0.96	0.96	0.96	0.22	0.22	0.23	0.23	0.99	0.21	0.99	0.99	0.82	0.82	0.84	0.85	0.84	0.84	0.96	0.96	0.96	0.92	0.92	0.86	0.16	0.14	0.15	0.99	0.15	0.99	0.14	0.13	0.93	0.91	0.92	0.92	0.99	0.95	0.91	0.92	0.87	0.9	0.13	0.13	0.87	0.89	1.0	0.88	0.97	0.99	0.99	0.24	0.26	0.27	0.98	0.27	0.23	0.98	0.22	0.19	0.19	0.19	0.84	0.84	0.85	0.18	0.19	0.19	0.19	0.92	0.89	0.91	0.92	1.0	0.94	0.92	0.9	0.89	1.0	0.87	0.87	0.99	0.87	0.98	0.84	0.97	0.99	0.82	0.17	0.17	0.17	0.96	0.85	0.86	0.88	0.89	0.89	0.92	0.92	0.92	0.88	0.89	0.92	0.91	0.91	0.92	0.23	0.23	0.22	0.2	0.91	0.98	0.99	0.23	0.79	0.21	0.99	0.14	0.14	0.99	0.99	0.89	0.99	0.99	0.91	0.94	0.93	0.93	0.91	0.91	0.9	0.9	0.91	0.93	0.93	0.13	0.95	0.95	0.93	0.11	0.93	0.93	0.97	0.95	1.0	0.2	0.18	0.22	0.22	0.22	0.25	0.99	0.23	0.23	1.0	0.89	0.89	0.89	0.89	0.9	0.21	0.21	0.25	0.26	0.24	0.26	0.28	0.26	0.3	0.29	0.27	0.98	0.25	0.99	1.0	0.27	0.21	0.21	0.21	0.2	0.21	0.23	0.22	0.23	1.0	0.2	0.22	0.88	0.88	0.88	0.9	0.18	0.17	0.21	0.2	0.22	0.99	0.2	0.19	0.2	0.25	0.99	0.99	0.83	0.95	0.96	0.27	0.27	0.19	0.19	0.86	0.87	0.86	0.87	0.84	0.85	0.84	0.14	0.13	0.99	0.13	0.13	1.0	0.12	0.12	0.12	0.82	0.15	0.15	0.16	0.87	0.87	0.87	0.87	0.87	0.87	0.9	0.9	0.9	0.94	0.95	0.95	0.95	0.95	0.93	0.99	0.92	0.92	0.93	0.92	0.99	0.88	0.9	0.97	0.14	0.15	0.17	0.14	0.15	0.87	0.88	0.93	0.92	0.91	0.89	0.88	0.88	0.88	0.88	0.88	0.88	1.0	0.88	1.0	0.87	0.89	0.9	0.9	0.96	1.0	0.93	0.81	0.97	0.98	0.98	0.98	1.0	0.97	1.0	1.0	1.0	1.0	1.0	1.0	1.0	1.0	0.99	1.0	1.0	1.0	1.0	0.99	1.0	1.0	1.0	1.0	1.0	0.99	1.0	0.91	0.94	0.97	1.0	0.95	0.95	0.94	0.94	0.93	1.0	1.0	0.96	0.78
SRR5860671.cleaned	1.0	1.0	0.98	0.67	0.49	0.96	1.0	0.97	0.86	0.87	0.85	0.86	0.87	0.88	0.88	0.89	0.9	0.9	0.93	0.94	0.94	1.0	0.99	0.98	1.0	0.97	0.97	0.97	0.95	0.97	0.93	0.93	0.93	0.93	0.94	1.0	0.96	0.96	0.95	0.95	0.95	0.92	1.0	0.9	0.88	0.89	0.9	0.9	0.91	0.9	0.92	0.92	0.92	0.92	0.99	0.95	0.95	0.95	0.94	0.94	0.95	0.94	0.95	0.95	0.26	0.26	0.27	0.27	1.0	0.24	1.0	1.0	0.8	0.81	0.83	0.83	0.83	0.84	0.97	0.97	0.97	0.94	0.94	0.84	0.17	0.16	0.18	0.99	0.17	0.99	0.17	0.16	0.91	0.9	0.9	0.9	1.0	0.95	0.95	0.95	0.98	0.9	0.15	0.15	0.85	0.87	1.0	0.87	0.97	0.99	0.99	0.27	0.3	0.31	0.97	0.31	0.25	0.98	0.22	0.19	0.19	0.19	0.83	0.84	0.84	0.19	0.19	0.19	0.2	0.9	0.87	0.89	0.9	1.0	0.94	0.93	0.91	0.91	0.99	0.88	0.89	0.98	0.89	0.99	0.85	0.98	0.99	0.83	0.15	0.16	0.16	0.97	0.87	0.88	0.9	0.9	0.9	0.93	0.92	0.92	0.88	0.88	0.92	0.91	0.91	0.92	0.26	0.26	0.26	0.24	0.9	0.98	0.98	0.28	0.74	0.26	0.99	0.17	0.17	1.0	0.99	0.87	0.99	0.99	0.88	0.91	0.9	0.91	0.88	0.89	0.88	0.88	0.88	0.91	0.91	0.17	0.94	0.94	0.92	0.14	0.91	0.91	0.97	0.94	1.0	0.25	0.23	0.26	0.27	0.26	0.3	0.98	0.28	0.28	1.0	0.85	0.85	0.85	0.85	0.85	0.26	0.26	0.28	0.28	0.27	0.29	0.31	0.3	0.34	0.38	0.36	0.97	0.32	0.98	1.0	0.34	0.28	0.28	0.29	0.28	0.28	0.29	0.28	0.29	1.0	0.24	0.26	0.82	0.82	0.83	0.86	0.22	0.21	0.24	0.23	0.25	0.99	0.23	0.23	0.23	0.29	0.99	1.0	0.77	0.93	0.96	0.34	0.34	0.26	0.26	0.83	0.83	0.83	0.83	0.8	0.8	0.8	0.19	0.18	0.99	0.17	0.17	1.0	0.18	0.18	0.17	0.79	0.17	0.17	0.17	0.87	0.87	0.87	0.87	0.87	0.87	0.9	0.9	0.9	0.93	0.95	0.96	0.95	0.96	0.93	0.99	0.92	0.92	0.93	0.93	0.99	0.88	0.9	0.96	0.16	0.16	0.19	0.16	0.17	0.85	0.86	0.91	0.9	0.89	0.86	0.86	0.86	0.86	0.85	0.86	0.85	0.99	0.85	1.0	0.85	0.86	0.88	0.88	0.95	1.0	0.92	0.81	0.97	0.97	0.97	0.97	1.0	0.98	1.0	1.0	1.0	1.0	1.0	1.0	1.0	1.0	1.0	1.0	1.0	1.0	1.0	1.0	1.0	1.0	1.0	1.0	1.0	0.99	1.0	0.87	0.94	0.96	1.0	0.92	0.92	0.89	0.9	0.88	1.0	1.0	0.96	0.65
SRR5860672.cleaned	1.0	1.0	0.99	1.0	1.0	1.0	1.0	1.0	0.96	0.96	0.96	0.96	0.96	0.96	0.96	0.97	0.97	0.97	1.0	1.0	1.0	1.0	0.99	0.99	1.0	0.98	0.98	0.98	0.98	0.99	0.98	0.98	0.99	0.99	0.99	0.92	1.0	1.0	1.0	1.0	1.0	0.99	1.0	0.98	0.96	0.96	0.96	0.96	0.98	0.98	0.98	0.98	0.98	0.88	1.0	1.0	1.0	1.0	1.0	1.0	1.0	1.0	1.0	1.0	0.08	0.08	0.09	0.1	0.99	0.1	0.99	1.0	0.95	0.95	0.97	0.97	0.97	0.94	1.0	1.0	1.0	1.0	1.0	0.94	0.05	0.06	0.06	1.0	0.1	0.99	0.07	0.07	0.97	0.97	0.97	0.96	1.0	0.99	1.0	1.0	1.0	0.96	0.06	0.06	0.95	0.95	1.0	0.94	0.97	1.0	0.99	0.1	0.09	0.11	0.98	0.11	0.09	0.99	0.07	0.05	0.05	0.05	0.97	0.96	0.98	0.04	0.04	0.05	0.06	0.98	0.95	0.96	0.97	0.28	0.99	0.98	0.97	0.97	0.98	0.96	0.96	0.98	0.95	1.0	0.91	0.98	0.98	0.9	0.1	0.09	0.08	0.98	0.95	0.96	0.98	0.99	0.99	1.0	1.0	1.0	1.0	1.0	1.0	1.0	1.0	1.0	0.11	0.11	0.11	0.11	0.94	0.98	0.99	0.11	0.95	0.06	1.0	0.04	0.04	1.0	1.0	0.97	1.0	1.0	0.98	1.0	1.0	1.0	0.98	0.98	0.98	0.98	0.98	0.98	0.98	0.09	0.92	0.92	1.0	0.08	1.0	1.0	1.0	0.93	0.8	0.11	0.11	0.11	0.11	0.11	0.11	0.99	0.06	0.07	1.0	0.97	0.97	0.97	0.97	0.97	0.05	0.05	0.08	0.08	0.08	0.11	0.11	0.11	0.15	0.13	0.1	0.98	0.08	0.99	1.0	0.1	0.07	0.07	0.07	0.07	0.07	0.11	0.1	0.1	1.0	0.08	0.06	0.98	0.98	0.98	0.99	0.05	0.05	0.06	0.07	0.07	1.0	0.07	0.07	0.07	0.14	0.99	1.0	0.92	0.97	0.98	0.1	0.1	0.06	0.06	1.0	1.0	1.0	1.0	0.99	0.99	0.99	0.02	0.04	1.0	0.05	0.05	1.0	0.11	0.11	0.11	0.92	0.06	0.06	0.06	0.99	0.99	0.98	0.99	0.98	0.98	1.0	0.99	0.99	0.99	0.99	0.99	0.99	0.99	0.98	1.0	0.98	0.98	0.98	0.98	0.99	0.96	0.96	0.99	0.05	0.05	0.06	0.06	0.05	0.98	0.98	1.0	1.0	1.0	1.0	1.0	1.0	1.0	1.0	1.0	1.0	1.0	1.0	1.0	1.0	1.0	1.0	1.0	1.0	1.0	0.88	0.38	0.76	0.84	0.85	0.83	1.0	0.98	1.0	1.0	1.0	1.0	1.0	1.0	1.0	1.0	1.0	1.0	1.0	1.0	1.0	1.0	1.0	1.0	1.0	1.0	0.99	0.93	1.0	0.95	0.97	0.99	1.0	0.96	0.96	0.95	0.95	0.95	1.0	1.0	0.99	1.0
SRR5860673.cleaned	1.0	1.0	0.98	1.0	1.0	1.0	1.0	1.0	0.98	0.98	0.98	0.98	0.98	0.98	0.98	0.98	0.98	0.98	1.0	1.0	1.0	1.0	0.99	0.99	1.0	0.99	0.99	0.99	0.99	1.0	0.99	0.99	1.0	1.0	1.0	0.96	0.99	1.0	1.0	1.0	1.0	0.99	1.0	0.99	0.98	0.98	0.98	0.98	0.99	0.99	0.99	0.99	0.99	0.88	1.0	1.0	1.0	1.0	1.0	1.0	1.0	1.0	1.0	1.0	0.1	0.1	0.11	0.12	1.0	0.13	0.99	1.0	0.94	0.94	0.97	0.97	0.97	0.92	0.99	1.0	0.99	0.99	0.99	0.94	0.08	0.09	0.1	0.99	0.14	0.99	0.1	0.1	0.95	0.95	0.95	0.95	1.0	0.97	1.0	1.0	1.0	0.96	0.05	0.05	0.95	0.95	1.0	0.95	0.99	1.0	0.99	0.11	0.1	0.12	0.98	0.11	0.09	0.98	0.06	0.05	0.04	0.04	0.97	0.97	0.97	0.04	0.04	0.04	0.06	0.97	0.94	0.95	0.96	0.31	0.98	0.96	0.96	0.96	0.97	0.95	0.95	0.97	0.94	0.99	0.89	0.97	0.97	0.9	0.11	0.1	0.09	0.98	0.95	0.95	0.97	0.99	0.99	1.0	1.0	1.0	1.0	1.0	1.0	1.0	1.0	1.0	0.1	0.1	0.1	0.1	0.94	0.99	0.99	0.11	0.94	0.08	1.0	0.05	0.05	1.0	0.99	0.97	1.0	1.0	0.97	0.99	0.99	0.99	0.99	0.99	0.99	0.99	0.99	0.99	0.99	0.08	0.93	0.93	1.0	0.07	0.99	1.0	1.0	0.94	0.94	0.12	0.12	0.13	0.13	0.13	0.12	1.0	0.08	0.09	1.0	0.96	0.96	0.96	0.96	0.97	0.07	0.07	0.1	0.11	0.1	0.13	0.13	0.14	0.18	0.16	0.13	0.99	0.1	0.98	1.0	0.11	0.06	0.06	0.06	0.05	0.06	0.12	0.12	0.12	1.0	0.1	0.09	0.99	0.99	0.99	0.99	0.06	0.06	0.08	0.11	0.1	1.0	0.1	0.1	0.1	0.19	1.0	1.0	0.88	0.97	0.98	0.12	0.12	0.07	0.07	1.0	1.0	1.0	1.0	0.98	0.98	0.98	0.07	0.08	1.0	0.1	0.1	0.99	0.15	0.15	0.15	0.91	0.06	0.06	0.06	0.98	0.98	0.98	0.98	0.98	0.98	0.99	0.99	0.99	0.99	0.99	0.99	0.99	0.99	0.97	1.0	0.97	0.97	0.97	0.97	1.0	0.96	0.96	0.98	0.05	0.05	0.07	0.07	0.06	0.96	0.96	1.0	1.0	1.0	1.0	1.0	1.0	1.0	1.0	1.0	1.0	1.0	1.0	1.0	1.0	1.0	1.0	1.0	1.0	1.0	0.92	0.46	0.87	0.96	0.96	0.95	0.99	0.97	0.98	1.0	1.0	1.0	1.0	1.0	1.0	1.0	1.0	1.0	1.0	1.0	1.0	1.0	1.0	1.0	1.0	1.0	1.0	0.96	1.0	0.91	0.97	0.97	1.0	0.95	0.96	0.92	0.91	0.92	1.0	1.0	0.98	1.0
SRR5860674.cleaned	1.0	1.0	0.94	1.0	1.0	1.0	1.0	1.0	0.97	0.97	0.97	0.97	0.97	0.97	0.97	0.97	0.98	0.98	1.0	1.0	1.0	1.0	1.0	1.0	1.0	1.0	1.0	1.0	1.0	1.0	1.0	1.0	1.0	1.0	1.0	1.0	1.0	1.0	1.0	1.0	1.0	0.99	1.0	0.99	0.97	0.97	0.97	0.97	0.99	0.98	0.98	0.98	0.98	0.96	1.0	1.0	1.0	1.0	1.0	1.0	1.0	1.0	1.0	1.0	0.07	0.07	0.09	0.09	1.0	0.08	1.0	1.0	0.97	0.97	0.98	0.98	0.98	0.93	1.0	1.0	1.0	1.0	1.0	0.93	0.07	0.08	0.11	0.98	0.14	0.99	0.1	0.1	0.96	0.96	0.96	0.96	1.0	0.98	1.0	1.0	1.0	0.97	0.06	0.05	0.94	0.94	1.0	0.95	0.97	1.0	0.99	0.13	0.12	0.14	0.98	0.11	0.09	0.99	0.06	0.05	0.05	0.05	0.95	0.96	0.96	0.06	0.06	0.06	0.06	0.97	0.96	0.97	0.97	0.21	0.98	0.97	0.95	0.95	0.98	0.93	0.93	0.98	0.92	0.99	0.88	0.98	0.98	0.88	0.11	0.09	0.08	0.98	0.94	0.96	0.98	0.99	0.99	0.99	1.0	1.0	1.0	1.0	1.0	1.0	1.0	0.99	0.07	0.07	0.07	0.08	0.94	0.98	0.99	0.1	0.94	0.06	0.99	0.04	0.04	1.0	1.0	0.97	1.0	1.0	0.98	1.0	1.0	1.0	0.98	0.98	0.98	0.98	0.98	0.98	0.98	0.08	0.94	0.94	1.0	0.07	0.99	1.0	1.0	0.93	0.99	0.07	0.07	0.08	0.08	0.08	0.09	1.0	0.06	0.07	1.0	0.98	0.98	0.98	0.98	0.98	0.04	0.04	0.07	0.06	0.06	0.08	0.08	0.09	0.11	0.12	0.09	0.99	0.07	0.99	1.0	0.09	0.05	0.04	0.04	0.04	0.05	0.08	0.08	0.08	1.0	0.07	0.06	0.98	0.98	0.98	0.99	0.05	0.05	0.07	0.07	0.06	1.0	0.06	0.06	0.06	0.13	0.99	1.0	0.93	0.96	0.98	0.09	0.09	0.06	0.06	1.0	1.0	1.0	1.0	0.99	0.99	0.99	0.04	0.05	0.99	0.06	0.06	1.0	0.11	0.11	0.1	0.93	0.06	0.06	0.06	0.98	0.98	0.98	0.98	0.97	0.97	0.99	0.99	0.99	0.99	0.99	0.99	0.99	0.99	0.98	1.0	0.98	0.98	0.98	0.98	1.0	0.96	0.96	0.99	0.07	0.07	0.08	0.08	0.07	0.96	0.96	1.0	1.0	1.0	1.0	1.0	1.0	1.0	1.0	1.0	1.0	1.0	1.0	1.0	1.0	1.0	1.0	1.0	1.0	1.0	0.87	0.5	0.89	0.99	0.99	0.98	1.0	0.97	0.99	1.0	1.0	1.0	1.0	1.0	1.0	1.0	1.0	1.0	1.0	1.0	1.0	1.0	1.0	1.0	1.0	0.99	0.99	0.97	1.0	0.97	0.95	0.97	1.0	0.94	0.94	0.91	0.91	0.92	1.0	1.0	0.94	1.0
SRR5860675.cleaned	1.0	1.0	0.85	1.0	1.0	1.0	1.0	1.0	0.96	0.96	0.96	0.96	0.96	0.96	0.96	0.97	0.97	0.97	1.0	1.0	1.0	1.0	0.99	0.99	1.0	0.99	0.99	0.99	0.99	0.99	0.99	0.99	1.0	1.0	1.0	0.89	1.0	1.0	1.0	1.0	1.0	0.99	1.0	0.99	0.96	0.96	0.96	0.96	0.97	0.97	0.97	0.97	0.97	0.97	1.0	0.99	1.0	1.0	1.0	1.0	1.0	1.0	1.0	1.0	0.05	0.05	0.05	0.05	1.0	0.06	1.0	1.0	0.97	0.97	0.99	0.99	0.99	0.99	1.0	1.0	1.0	0.99	0.99	0.94	0.07	0.08	0.09	0.99	0.12	0.99	0.08	0.08	0.96	0.96	0.96	0.96	1.0	0.99	1.0	1.0	1.0	0.96	0.07	0.07	0.93	0.93	1.0	0.93	0.99	1.0	0.98	0.1	0.1	0.09	0.99	0.1	0.09	0.98	0.06	0.05	0.05	0.05	0.98	0.98	0.98	0.04	0.04	0.04	0.05	0.98	0.95	0.95	0.96	0.42	0.99	0.97	0.96	0.96	0.99	0.95	0.95	0.99	0.92	0.99	0.9	0.99	0.99	0.89	0.1	0.1	0.08	0.99	0.95	0.97	0.98	0.99	0.99	1.0	1.0	1.0	0.99	0.99	0.99	0.99	0.99	0.99	0.08	0.08	0.08	0.08	0.96	1.0	0.98	0.07	0.95	0.05	0.99	0.03	0.03	1.0	1.0	0.98	1.0	1.0	0.99	1.0	1.0	1.0	0.98	0.98	0.98	0.98	0.98	0.98	0.98	0.07	0.94	0.94	1.0	0.06	1.0	1.0	1.0	0.94	0.85	0.07	0.07	0.07	0.07	0.07	0.07	0.99	0.05	0.07	1.0	0.97	0.97	0.97	0.97	0.97	0.05	0.05	0.06	0.06	0.06	0.09	0.1	0.09	0.12	0.12	0.09	0.99	0.05	0.99	1.0	0.08	0.05	0.05	0.05	0.05	0.05	0.07	0.07	0.07	1.0	0.05	0.04	0.98	0.98	0.98	0.99	0.04	0.04	0.06	0.07	0.07	1.0	0.07	0.07	0.07	0.15	1.0	1.0	0.93	0.96	0.97	0.09	0.09	0.04	0.04	1.0	1.0	1.0	1.0	0.99	0.99	0.98	0.04	0.04	0.99	0.04	0.04	1.0	0.08	0.07	0.07	0.96	0.05	0.05	0.05	0.97	0.97	0.97	0.97	0.97	0.97	0.99	0.99	0.99	0.99	1.0	1.0	1.0	1.0	0.99	1.0	0.99	0.99	0.99	0.99	1.0	0.97	0.97	0.99	0.05	0.05	0.07	0.06	0.05	0.97	0.97	1.0	1.0	1.0	1.0	1.0	1.0	1.0	1.0	1.0	1.0	1.0	1.0	1.0	1.0	1.0	1.0	1.0	1.0	1.0	0.83	0.43	0.8	0.9	0.9	0.88	1.0	0.99	0.98	1.0	1.0	1.0	1.0	1.0	1.0	1.0	1.0	1.0	1.0	1.0	1.0	1.0	1.0	1.0	0.99	1.0	1.0	0.96	1.0	0.97	0.93	1.0	1.0	0.98	0.99	0.98	0.97	0.97	1.0	1.0	0.88	1.0
SRR5860676.cleaned	-1	-1	-1	-1	-1	-1	-1	-1	-1	-1	-1	-1	-1	-1	-1	-1	-1	-1	-1	-1	-1	-1	-1	-1	-1	-1	-1	-1	-1	-1	-1	-1	-1	-1	-1	-1	-1	-1	-1	-1	-1	-1	-1	-1	0.0	0.0	0.0	0.0	-1	-1	-1	-1	-1	-1	-1	-1	-1	-1	-1	-1	-1	-1	-1	-1	1.0	1.0	1.0	1.0	1.0	1.0	1.0	1.0	0.0	0.0	0.0	0.0	0.0	0.0	-1	-1	-1	-1	-1	0.0	1.0	1.0	1.0	0.96	1.0	0.98	1.0	1.0	0.0	0.0	0.0	0.0	1.0	-1	-1	-1	-1	0.0	1.0	1.0	0.0	0.0	1.0	0.0	0.79	0.99	0.94	1.0	1.0	1.0	0.88	1.0	1.0	0.74	1.0	1.0	1.0	1.0	0.0	0.0	0.42	1.0	1.0	1.0	1.0	0.59	0.0	0.0	-1	-1	-1	-1	0.0	0.42	0.66	0.37	0.37	0.68	0.32	1.0	0.0	0.78	0.8	0.21	1.0	1.0	1.0	0.79	0.0	0.08	-1	-1	-1	-1	-1	-1	-1	-1	-1	-1	-1	-1	1.0	1.0	1.0	1.0	0.49	0.88	0.98	1.0	0.11	1.0	0.95	1.0	1.0	1.0	0.93	-1	-1	-1	-1	-1	-1	-1	0.0	0.0	0.0	0.0	0.0	0.73	0.73	1.0	0.27	0.27	1.0	1.0	1.0	1.0	1.0	0.0	-1	1.0	1.0	1.0	1.0	1.0	1.0	1.0	0.95	1.0	1.0	-1	-1	-1	-1	-1	1.0	1.0	1.0	1.0	1.0	1.0	1.0	0.89	1.0	1.0	1.0	0.83	0.9	0.91	1.0	0.97	1.0	1.0	1.0	1.0	1.0	1.0	1.0	1.0	1.0	1.0	1.0	0.0	0.0	0.0	0.53	1.0	1.0	1.0	1.0	1.0	1.0	1.0	1.0	1.0	0.85	0.86	1.0	0.5	0.78	0.78	1.0	1.0	0.97	1.0	-1	-1	-1	-1	-1	-1	-1	1.0	1.0	1.0	1.0	1.0	0.98	1.0	1.0	1.0	0.32	1.0	1.0	1.0	-1	-1	-1	-1	-1	-1	-1	-1	-1	-1	-1	-1	-1	-1	-1	-1	-1	-1	-1	-1	0.93	0.0	0.0	0.86	1.0	1.0	1.0	1.0	1.0	-1	-1	-1	-1	-1	-1	-1	-1	-1	-1	-1	-1	-1	-1	-1	-1	-1	-1	-1	-1	-1	-1	-1	-1	-1	-1	-1	-1	0.98	1.0	1.0	1.0	1.0	1.0	1.0	1.0	1.0	1.0	1.0	1.0	1.0	1.0	1.0	1.0	1.0	1.0	1.0	1.0	1.0	0.99	0.88	0.93	1.0	-1	-1	-1	0.0	0.0	0.0	1.0	-1	-1	-1
SRR7697345.cleaned	0.02	1.0	1.0	1.0	1.0	1.0	1.0	1.0	0.93	0.93	0.93	0.93	0.93	0.93	0.92	0.93	0.94	0.94	1.0	1.0	1.0	1.0	1.0	1.0	1.0	0.97	0.97	0.97	0.97	0.97	0.97	0.96	1.0	1.0	1.0	1.0	1.0	1.0	1.0	1.0	1.0	1.0	1.0	1.0	0.97	0.97	0.97	0.96	1.0	1.0	1.0	1.0	1.0	1.0	1.0	1.0	1.0	1.0	1.0	1.0	1.0	1.0	1.0	1.0	0.17	0.17	0.2	0.23	0.96	0.28	0.97	0.97	0.87	0.88	0.89	0.93	0.9	0.92	0.97	0.97	0.97	0.97	0.97	0.91	0.15	0.19	0.23	1.0	0.34	0.97	0.31	0.3	0.86	0.84	0.83	0.84	0.98	0.88	1.0	1.0	1.0	0.9	0.16	0.17	0.82	0.86	1.0	0.82	0.92	0.34	0.97	0.35	0.37	0.43	0.99	0.4	0.36	0.96	0.31	0.28	0.22	0.22	0.9	0.9	0.93	0.1	0.12	0.11	0.17	0.95	0.89	0.91	0.92	1.0	0.96	0.94	0.9	0.9	1.0	0.83	0.83	1.0	0.75	0.98	0.68	1.0	1.0	0.61	0.41	0.4	0.4	0.95	0.75	0.76	0.85	0.93	0.93	1.0	1.0	1.0	0.98	0.98	0.98	0.98	0.98	0.98	0.26	0.26	0.26	0.26	0.8	1.0	1.0	0.22	0.91	0.09	1.0	0.07	0.07	1.0	1.0	0.94	1.0	1.0	0.95	0.98	0.98	0.98	0.96	0.96	0.96	0.96	0.96	0.96	0.96	0.2	0.83	0.84	1.0	0.15	1.0	1.0	1.0	0.86	0.99	0.22	0.2	0.22	0.22	0.21	0.23	0.99	0.15	0.14	1.0	0.93	0.93	0.93	0.93	0.93	0.16	0.16	0.16	0.16	0.17	0.24	0.24	0.27	0.3	0.32	0.33	0.98	0.33	0.98	1.0	0.37	0.25	0.24	0.23	0.24	0.25	0.32	0.3	0.29	1.0	0.21	0.16	0.92	0.92	0.92	0.96	0.11	0.11	0.14	0.21	0.22	0.98	0.23	0.21	0.23	0.4	0.99	1.0	0.83	0.94	0.95	0.24	0.23	0.15	0.15	1.0	1.0	1.0	1.0	1.0	1.0	1.0	0.12	0.14	0.98	0.17	0.17	0.99	0.23	0.24	0.23	0.82	0.14	0.13	0.13	0.92	0.92	0.92	0.92	0.91	0.92	0.96	0.98	0.98	0.98	0.98	0.98	0.98	0.98	0.96	1.0	0.96	0.96	0.96	0.96	1.0	0.83	0.82	0.95	0.2	0.17	0.23	0.17	0.21	0.92	0.92	1.0	1.0	1.0	1.0	1.0	1.0	1.0	1.0	1.0	1.0	1.0	1.0	1.0	1.0	1.0	1.0	1.0	0.98	1.0	0.77	0.25	1.0	1.0	1.0	1.0	1.0	1.0	0.99	1.0	1.0	1.0	1.0	1.0	1.0	1.0	1.0	1.0	1.0	1.0	1.0	0.99	1.0	1.0	0.99	1.0	0.99	0.95	1.0	0.96	0.98	0.99	1.0	0.96	0.95	0.93	0.91	0.91	0.96	0.0	1.0	1.0
SRR9913024.cleaned	0.42	0.98	0.9	1.0	1.0	1.0	1.0	1.0	0.94	0.94	0.95	0.94	0.94	0.94	0.94	0.93	1.0	1.0	1.0	1.0	1.0	1.0	1.0	1.0	1.0	1.0	1.0	1.0	1.0	1.0	1.0	0.99	0.99	0.99	0.99	1.0	0.99	0.99	0.98	0.98	0.98	0.95	1.0	0.94	0.91	0.91	0.91	0.9	0.97	0.97	0.96	0.97	0.97	0.96	1.0	0.98	1.0	1.0	1.0	0.98	1.0	1.0	1.0	1.0	0.21	0.23	0.23	0.24	0.99	0.24	0.99	0.99	0.92	0.92	0.94	0.95	0.92	0.95	1.0	1.0	1.0	0.97	0.97	0.94	0.08	0.09	0.16	0.97	0.17	0.99	0.16	0.18	0.95	0.95	0.95	0.95	1.0	1.0	1.0	0.98	1.0	1.0	0.03	0.03	0.98	0.98	1.0	0.98	0.98	0.55	0.97	0.34	0.3	0.3	0.99	0.27	0.25	0.94	0.21	0.11	0.05	0.05	0.9	0.9	0.9	0.1	0.11	0.11	0.11	0.98	0.93	0.97	0.97	1.0	1.0	1.0	0.9	0.91	0.9	0.93	0.93	0.9	0.92	0.97	0.77	0.89	0.91	0.77	0.23	0.2	0.19	1.0	0.86	0.91	1.0	1.0	1.0	0.98	1.0	1.0	0.98	0.98	0.98	0.98	0.98	0.98	0.19	0.19	0.19	0.19	0.86	0.99	0.97	0.22	0.9	0.14	0.96	0.09	0.09	1.0	1.0	0.98	1.0	1.0	0.98	1.0	1.0	1.0	0.98	0.98	0.98	0.97	0.97	0.98	0.98	0.2	0.81	0.81	1.0	0.2	1.0	1.0	1.0	0.84	1.0	0.12	0.11	0.15	0.16	0.15	0.15	1.0	0.23	0.24	1.0	0.8	0.82	0.82	0.82	0.86	0.21	0.2	0.15	0.15	0.15	0.14	0.14	0.16	0.19	0.2	0.18	0.98	0.16	0.98	1.0	0.27	0.16	0.15	0.16	0.17	0.17	0.2	0.19	0.19	1.0	0.15	0.13	0.94	0.94	0.94	0.99	0.08	0.08	0.11	0.11	0.11	1.0	0.09	0.11	0.09	0.16	1.0	1.0	0.88	0.98	0.96	0.22	0.21	0.13	0.13	1.0	1.0	1.0	1.0	1.0	1.0	1.0	0.02	0.02	1.0	0.02	0.02	1.0	0.09	0.1	0.1	0.95	0.07	0.07	0.08	1.0	1.0	1.0	1.0	1.0	1.0	1.0	1.0	1.0	1.0	0.97	0.98	0.98	0.98	0.97	1.0	0.96	0.96	0.96	0.96	1.0	0.93	0.94	0.98	0.08	0.08	0.19	0.18	0.16	0.87	0.88	1.0	1.0	1.0	1.0	1.0	1.0	1.0	1.0	1.0	1.0	1.0	1.0	1.0	1.0	1.0	1.0	1.0	1.0	0.98	0.74	0.38	0.97	1.0	1.0	1.0	1.0	0.97	0.98	1.0	1.0	1.0	1.0	1.0	1.0	1.0	0.99	1.0	1.0	1.0	1.0	0.99	1.0	1.0	1.0	1.0	1.0	1.0	1.0	-1	-1	-1	1.0	0.93	0.91	0.86	0.86	0.88	0.94	0.33	1.0	0.98
