ID	Shellder_254	Shellder_272	Shellder_294	Shellder_342	Shellder_442	Shellder_452	Shellder_610	Shellder_616	Shellder_617	Shellder_620	Shellder_622	Shellder_625	Shellder_626	Shellder_627	Shellder_629	Shellder_630	Shellder_631	Shellder_632	Shellder_634	Shellder_635	Shellder_636	Shellder_638	Shellder_640	Shellder_642	Shellder_644	Shellder_647	Shellder_650	Shellder_653	Shellder_658	Shellder_660	Shellder_662	Shellder_663	Shellder_664	Shellder_665	Shellder_668	Shellder_669	Shellder_671	Shellder_680	Shellder_683	Shellder_1121	Shellder_1620	Shellder_1632	Shellder_2121	Shellder_2801	Shellder_2813	Shellder_3025	Shellder_3230	Shellder_3231	Shellder_3601	Shellder_3888	Shellder_4371	Shellder_4380	Shellder_4488	Shellder_4750	Shellder_4796	Shellder_4819	Shellder_4879	Shellder_5220	Shellder_5328	Shellder_5351	Shellder_5455	Shellder_5611	Shellder_5720	Shellder_5743	Shellder_5820	Shellder_6037	Shellder_6210	Shellder_6448	Shellder_6466	Shellder_6488	Shellder_6526	Shellder_6536
SRR14138506.cleaned	-1	-1	-1	-1	-1	-1	1.0	0.92	1.0	0.98	1.0	0.53	1.0	0.86	0.83	0.84	0.99	0.58	0.89	0.71	0.9	0.92	0.95	1.0	0.94	0.94	0.77	0.92	0.9	0.94	0.72	0.97	1.0	0.78	0.86	1.0	0.86	0.86	0.94	-1	-1	-1	-1	-1	-1	-1	-1	-1	-1	-1	-1	-1	-1	-1	-1	-1	-1	-1	-1	-1	-1	-1	-1	-1	-1	-1	-1	-1	-1	-1	-1	-1
SRR14138507.cleaned	-1	-1	-1	-1	-1	-1	0.95	0.95	1.0	0.96	1.0	0.58	1.0	0.83	0.8	0.9	0.98	0.72	0.83	0.72	0.88	0.96	0.91	1.0	0.9	0.9	0.8	0.96	0.8	0.9	0.82	0.91	0.98	0.81	0.87	1.0	0.85	0.97	0.97	-1	-1	-1	-1	-1	-1	-1	-1	-1	-1	-1	-1	-1	-1	-1	-1	-1	-1	-1	-1	-1	-1	-1	-1	-1	-1	-1	-1	-1	-1	-1	-1	-1
SRR5514394.cleaned	-1	-1	-1	-1	-1	-1	-1	-1	-1	-1	-1	-1	-1	-1	-1	-1	-1	-1	-1	-1	-1	-1	-1	-1	-1	1.0	1.0	-1	-1	-1	-1	-1	-1	-1	-1	-1	-1	-1	-1	-1	-1	-1	-1	-1	-1	-1	-1	-1	-1	-1	-1	-1	-1	-1	-1	-1	-1	-1	-1	-1	-1	-1	-1	-1	-1	-1	-1	-1	-1	-1	-1	-1
SRR5860570.cleaned	-1	-1	-1	-1	-1	-1	0.91	0.96	1.0	0.93	1.0	0.49	1.0	0.8	0.83	0.9	0.96	0.66	0.85	0.64	0.88	0.92	0.88	1.0	0.92	0.91	0.83	0.96	0.83	0.93	0.77	0.9	0.97	0.77	0.83	0.99	0.85	0.89	0.96	-1	-1	-1	-1	-1	-1	-1	-1	-1	-1	-1	-1	-1	-1	-1	-1	-1	-1	-1	-1	-1	-1	-1	-1	-1	-1	-1	-1	-1	-1	-1	-1	-1
SRR5860573.cleaned	-1	-1	-1	-1	-1	-1	0.95	0.91	1.0	0.97	1.0	0.54	1.0	0.89	0.82	0.83	0.99	0.48	0.86	0.57	0.9	0.96	0.93	1.0	0.93	0.91	0.77	0.97	0.81	0.93	0.79	0.91	0.99	0.77	0.86	1.0	0.87	0.88	0.98	-1	-1	-1	-1	-1	-1	-1	-1	-1	-1	-1	-1	-1	-1	-1	-1	-1	-1	-1	-1	-1	-1	-1	-1	-1	-1	-1	-1	-1	-1	-1	-1	-1
SRR5860582.cleaned	-1	-1	-1	-1	-1	-1	0.87	0.96	1.0	0.94	1.0	0.42	1.0	0.88	0.86	0.89	0.97	0.58	0.92	0.64	0.96	0.97	0.95	1.0	0.91	0.93	0.8	0.94	0.81	0.89	0.84	0.91	1.0	0.71	0.8	1.0	0.81	0.93	0.88	-1	-1	-1	-1	-1	-1	-1	-1	-1	-1	-1	-1	-1	-1	-1	-1	-1	-1	-1	-1	-1	-1	-1	-1	-1	-1	-1	-1	-1	-1	-1	-1	-1
SRR5860583.cleaned	1.0	1.0	1.0	0.86	0.88	0.84	0.99	0.97	1.0	0.97	1.0	0.72	0.99	0.93	0.9	0.95	0.98	0.8	0.93	0.81	0.93	0.95	0.95	1.0	0.89	0.94	0.89	0.93	0.5	0.92	0.88	0.92	0.99	0.79	0.97	1.0	0.98	0.97	0.99	0.98	1.0	1.0	1.0	1.0	0.9	0.86	1.0	1.0	1.0	1.0	1.0	0.63	1.0	1.0	1.0	1.0	1.0	0.77	1.0	1.0	1.0	1.0	1.0	0.93	0.93	1.0	1.0	1.0	1.0	1.0	1.0	0.89
SRR5860584.cleaned	-1	-1	-1	-1	-1	-1	0.93	0.95	1.0	0.96	1.0	0.55	1.0	0.81	0.81	0.86	0.97	0.61	0.87	0.69	0.89	0.95	0.89	1.0	0.88	0.93	0.8	0.94	0.78	0.87	0.84	0.89	0.95	0.81	0.88	1.0	0.88	0.89	0.97	-1	-1	-1	-1	-1	-1	-1	-1	-1	-1	-1	-1	-1	-1	-1	-1	-1	-1	-1	-1	-1	-1	-1	-1	-1	-1	-1	-1	-1	-1	-1	-1	-1
SRR5860625.cleaned	1.0	1.0	0.91	1.0	0.99	0.73	0.98	0.98	0.99	0.98	1.0	0.84	1.0	0.95	0.9	0.97	0.98	0.85	0.94	0.85	0.95	0.99	0.96	0.99	0.96	0.95	0.93	0.98	0.43	0.96	0.9	0.95	0.92	0.74	0.94	1.0	0.96	0.97	1.0	1.0	1.0	-1	1.0	1.0	1.0	1.0	1.0	1.0	1.0	0.99	1.0	1.0	0.98	0.98	0.99	1.0	1.0	1.0	0.99	1.0	1.0	0.88	1.0	1.0	1.0	0.91	1.0	1.0	1.0	0.9	1.0	0.99
SRR5860626.cleaned	-1	-1	-1	-1	-1	-1	0.87	0.95	0.95	0.85	0.95	0.51	0.96	0.71	0.82	0.92	0.94	0.61	0.75	0.49	0.83	0.95	0.82	1.0	0.88	0.89	0.82	1.0	0.75	0.82	0.86	0.88	1.0	0.73	0.71	0.98	0.73	0.89	0.94	-1	-1	-1	-1	-1	-1	-1	-1	-1	-1	-1	-1	-1	-1	-1	-1	-1	-1	-1	-1	-1	-1	-1	-1	-1	-1	-1	-1	-1	-1	-1	-1	-1
SRR5860627.cleaned	1.0	1.0	0.93	1.0	0.98	0.79	0.98	0.99	0.98	0.98	1.0	0.91	1.0	0.95	0.96	0.97	0.97	0.88	0.95	0.9	0.96	0.98	0.96	0.99	0.97	0.98	0.96	0.99	0.3	0.97	0.94	0.89	0.97	0.67	0.97	1.0	0.98	0.99	0.99	1.0	1.0	0.96	1.0	1.0	1.0	1.0	1.0	1.0	1.0	0.98	1.0	1.0	0.8	1.0	1.0	1.0	1.0	1.0	1.0	0.99	1.0	1.0	1.0	0.99	1.0	0.85	0.99	1.0	1.0	0.95	1.0	1.0
SRR5860628.cleaned	0.96	1.0	0.9	1.0	0.96	0.86	0.96	0.98	1.0	0.96	1.0	0.86	1.0	0.93	0.93	0.96	0.96	0.89	0.94	0.88	0.94	0.95	0.95	1.0	0.95	0.97	0.95	0.99	0.34	0.96	0.86	0.91	1.0	0.81	0.95	1.0	0.98	0.97	0.99	1.0	1.0	0.92	1.0	1.0	1.0	1.0	1.0	1.0	1.0	0.95	1.0	1.0	0.87	0.84	1.0	1.0	1.0	1.0	0.84	1.0	1.0	1.0	1.0	1.0	1.0	0.8	1.0	0.99	1.0	0.88	1.0	0.99
SRR5860629.cleaned	0.98	1.0	0.88	1.0	0.96	0.76	0.96	0.99	0.99	0.96	1.0	0.82	1.0	0.94	0.93	0.98	0.96	0.84	0.94	0.83	0.95	0.96	0.93	1.0	0.97	0.96	0.96	0.98	0.4	0.98	0.89	0.91	0.99	0.81	0.97	1.0	0.97	0.97	0.98	1.0	1.0	0.94	1.0	1.0	1.0	1.0	1.0	1.0	1.0	0.88	1.0	1.0	0.84	0.97	1.0	1.0	1.0	1.0	0.98	1.0	1.0	1.0	1.0	1.0	1.0	0.8	1.0	0.97	1.0	0.87	1.0	1.0
SRR5860630.cleaned	1.0	0.94	0.99	1.0	0.97	0.63	0.95	1.0	0.99	0.95	1.0	0.76	1.0	0.92	0.93	0.94	0.95	0.72	0.93	0.81	0.96	0.91	0.92	1.0	0.93	0.94	0.91	0.97	0.53	0.94	0.83	0.92	0.99	0.76	0.95	1.0	0.96	0.94	0.98	1.0	1.0	-1	1.0	1.0	1.0	1.0	1.0	0.99	1.0	0.99	1.0	1.0	0.65	1.0	1.0	1.0	1.0	1.0	1.0	1.0	1.0	1.0	1.0	1.0	1.0	0.55	0.92	1.0	0.98	0.98	1.0	1.0
SRR5860631.cleaned	1.0	1.0	0.87	1.0	0.92	0.73	0.97	0.97	1.0	0.97	1.0	0.79	1.0	0.92	0.95	0.98	0.97	0.83	0.93	0.84	0.94	0.94	0.95	1.0	0.95	0.96	0.96	0.97	0.37	0.98	0.87	0.95	1.0	0.86	0.98	1.0	0.98	0.96	0.99	1.0	1.0	0.9	1.0	1.0	1.0	1.0	1.0	1.0	1.0	0.89	1.0	0.99	0.86	1.0	1.0	1.0	0.87	1.0	1.0	0.86	1.0	1.0	1.0	1.0	1.0	0.92	1.0	1.0	0.99	0.86	1.0	1.0
SRR5860632.cleaned	0.97	1.0	0.95	1.0	0.99	0.75	0.98	0.98	0.99	0.96	0.99	0.77	0.99	0.92	0.92	0.96	0.98	0.84	0.94	0.84	0.95	0.95	0.96	1.0	0.95	0.96	0.93	0.99	0.44	0.95	0.85	0.91	1.0	0.79	0.9	1.0	0.93	0.94	0.98	1.0	1.0	-1	1.0	1.0	1.0	1.0	1.0	1.0	1.0	0.87	0.87	1.0	0.91	0.89	1.0	1.0	1.0	1.0	0.89	0.99	0.88	1.0	1.0	1.0	1.0	0.92	1.0	0.96	1.0	0.97	1.0	1.0
SRR5860633.cleaned	0.97	1.0	0.99	1.0	1.0	0.64	0.95	1.0	0.95	0.95	0.99	0.8	0.99	0.94	0.95	0.98	0.95	0.73	0.92	0.77	0.98	0.96	0.95	1.0	0.95	0.97	0.96	0.98	0.48	0.97	0.9	0.94	1.0	0.68	0.89	1.0	0.89	0.97	0.99	1.0	1.0	-1	1.0	1.0	1.0	1.0	1.0	1.0	1.0	0.96	1.0	0.95	0.94	1.0	1.0	1.0	1.0	1.0	1.0	1.0	1.0	0.99	0.89	1.0	1.0	0.9	1.0	0.98	1.0	0.97	0.86	1.0
SRR5860634.cleaned	1.0	0.96	0.96	1.0	0.91	0.63	0.94	0.99	0.99	0.91	1.0	0.78	1.0	0.93	0.92	0.94	0.91	0.78	0.94	0.82	0.96	0.92	0.91	1.0	0.92	0.94	0.91	0.97	0.51	0.94	0.81	0.88	1.0	0.79	0.92	1.0	0.93	0.94	0.95	1.0	1.0	-1	1.0	1.0	1.0	1.0	1.0	1.0	1.0	0.96	1.0	1.0	0.64	1.0	1.0	1.0	1.0	1.0	1.0	1.0	1.0	1.0	0.99	1.0	1.0	0.62	0.97	1.0	0.97	0.96	1.0	1.0
SRR5860639.cleaned	-1	-1	-1	-1	-1	-1	0.95	1.0	0.91	0.83	0.91	0.41	0.93	0.91	0.73	0.89	0.98	0.71	0.89	0.74	0.96	0.91	0.95	1.0	0.85	0.84	0.76	0.98	0.82	0.9	0.8	0.98	1.0	0.76	0.82	1.0	0.82	0.94	1.0	-1	-1	-1	-1	-1	-1	-1	-1	-1	-1	-1	-1	-1	-1	-1	-1	-1	-1	-1	-1	-1	-1	-1	-1	-1	-1	-1	-1	-1	-1	-1	-1	-1
SRR5860640.cleaned	-1	-1	-1	-1	-1	-1	0.88	0.96	0.85	0.8	0.86	0.45	0.89	0.78	0.93	0.87	0.93	0.6	0.75	0.51	0.9	0.98	0.87	1.0	0.92	0.95	0.87	0.99	0.84	0.93	0.78	0.99	1.0	0.55	0.53	1.0	0.52	0.93	0.88	-1	-1	-1	-1	-1	-1	-1	-1	-1	-1	-1	-1	-1	-1	-1	-1	-1	-1	-1	-1	-1	-1	-1	-1	-1	-1	-1	-1	-1	-1	-1	-1	-1
SRR5860643.cleaned	1.0	0.83	1.0	1.0	0.93	0.61	0.96	0.99	0.99	0.95	0.99	0.83	0.99	0.94	0.93	0.96	0.96	0.85	0.9	0.84	0.93	0.99	0.93	1.0	0.96	0.95	0.94	0.98	0.45	0.96	0.92	0.89	1.0	0.68	0.93	1.0	0.94	1.0	0.99	1.0	1.0	-1	1.0	1.0	1.0	1.0	1.0	1.0	1.0	1.0	1.0	1.0	0.49	1.0	1.0	1.0	1.0	1.0	1.0	1.0	1.0	1.0	1.0	1.0	1.0	0.69	0.87	1.0	0.83	1.0	1.0	1.0
SRR5860644.cleaned	1.0	0.92	1.0	1.0	0.97	0.69	0.95	0.98	0.98	0.95	1.0	0.82	1.0	0.91	0.88	0.95	0.95	0.79	0.9	0.82	0.93	0.94	0.91	1.0	0.96	0.97	0.93	0.99	0.44	0.97	0.91	0.97	0.98	0.66	0.94	1.0	0.93	0.97	0.99	1.0	0.91	1.0	1.0	1.0	1.0	0.98	1.0	1.0	1.0	0.86	1.0	1.0	0.92	1.0	1.0	1.0	0.93	1.0	1.0	0.91	1.0	1.0	1.0	0.99	1.0	0.89	1.0	1.0	0.95	1.0	1.0	1.0
SRR5860645.cleaned	-1	-1	-1	-1	-1	-1	0.97	0.94	1.0	0.96	1.0	0.55	1.0	0.9	0.85	0.85	0.98	0.63	0.92	0.76	0.96	0.91	0.96	1.0	0.86	0.91	0.81	0.93	0.78	0.86	0.78	0.94	0.98	0.76	0.85	1.0	0.85	0.89	0.95	-1	-1	-1	-1	-1	-1	-1	-1	-1	-1	-1	-1	-1	-1	-1	-1	-1	-1	-1	-1	-1	-1	-1	-1	-1	-1	-1	-1	-1	-1	-1	-1	-1
SRR5860656.cleaned	-1	-1	-1	-1	-1	-1	0.77	0.8	1.0	0.83	1.0	0.54	1.0	0.86	0.94	0.93	0.89	0.4	0.81	0.43	0.84	0.98	0.87	1.0	0.92	0.94	0.89	0.98	0.75	0.9	0.82	0.91	0.99	0.72	0.8	1.0	0.8	0.92	0.92	-1	-1	-1	-1	-1	-1	-1	-1	-1	-1	-1	-1	-1	-1	-1	-1	-1	-1	-1	-1	-1	-1	-1	-1	-1	-1	-1	-1	-1	-1	-1	-1	-1
SRR5860657.cleaned	-1	-1	-1	-1	-1	-1	0.95	0.91	1.0	0.96	1.0	0.48	1.0	0.86	0.88	0.86	0.98	0.61	0.86	0.65	0.92	0.93	0.95	1.0	0.85	0.93	0.81	0.94	0.79	0.86	0.86	0.95	1.0	0.68	0.74	1.0	0.76	0.92	0.92	-1	-1	-1	-1	-1	-1	-1	-1	-1	-1	-1	-1	-1	-1	-1	-1	-1	-1	-1	-1	-1	-1	-1	-1	-1	-1	-1	-1	-1	-1	-1	-1	-1
SRR5860658.cleaned	-1	-1	-1	-1	-1	-1	0.92	0.9	1.0	0.94	1.0	0.54	1.0	0.84	0.84	0.91	0.96	0.57	0.79	0.54	0.87	0.94	0.9	1.0	0.9	0.95	0.88	0.99	0.83	0.89	0.8	0.95	0.98	0.75	0.78	1.0	0.77	0.91	0.96	-1	-1	-1	-1	-1	-1	-1	-1	-1	-1	-1	-1	-1	-1	-1	-1	-1	-1	-1	-1	-1	-1	-1	-1	-1	-1	-1	-1	-1	-1	-1	-1	-1
SRR5860659.cleaned	-1	-1	-1	-1	-1	-1	0.9	0.95	1.0	0.93	1.0	0.55	1.0	0.81	0.83	0.84	0.96	0.68	0.87	0.75	0.91	0.9	0.9	1.0	0.92	0.89	0.76	0.95	0.81	0.93	0.79	0.86	1.0	0.85	0.92	1.0	0.92	0.9	0.99	-1	-1	-1	-1	-1	-1	-1	-1	-1	-1	-1	-1	-1	-1	-1	-1	-1	-1	-1	-1	-1	-1	-1	-1	-1	-1	-1	-1	-1	-1	-1	-1	-1
SRR5860660.cleaned	-1	-1	-1	-1	-1	-1	0.85	0.93	1.0	0.88	1.0	0.47	1.0	0.86	0.82	0.88	0.95	0.64	0.9	0.71	0.93	0.88	0.93	1.0	0.85	0.92	0.81	0.95	0.73	0.9	0.78	0.94	0.99	0.8	0.92	1.0	0.92	0.9	1.0	-1	-1	-1	-1	-1	-1	-1	-1	-1	-1	-1	-1	-1	-1	-1	-1	-1	-1	-1	-1	-1	-1	-1	-1	-1	-1	-1	-1	-1	-1	-1	-1	-1
SRR5860661.cleaned	-1	-1	-1	-1	-1	-1	0.96	0.82	1.0	0.95	1.0	0.52	1.0	0.84	0.79	0.91	0.97	0.59	0.8	0.62	0.86	0.91	0.93	0.99	0.87	0.94	0.87	0.97	0.83	0.89	0.82	0.89	1.0	0.77	0.81	1.0	0.81	0.85	0.93	-1	-1	-1	-1	-1	-1	-1	-1	-1	-1	-1	-1	-1	-1	-1	-1	-1	-1	-1	-1	-1	-1	-1	-1	-1	-1	-1	-1	-1	-1	-1	-1	-1
SRR5860662.cleaned	-1	-1	-1	-1	-1	-1	0.9	0.87	1.0	0.89	1.0	0.52	0.97	0.83	0.83	0.9	0.95	0.69	0.83	0.69	0.88	0.93	0.92	1.0	0.92	0.89	0.8	0.93	0.82	0.92	0.79	0.93	0.99	0.78	0.87	1.0	0.89	0.9	1.0	-1	-1	-1	-1	-1	-1	-1	-1	-1	-1	-1	-1	-1	-1	-1	-1	-1	-1	-1	-1	-1	-1	-1	-1	-1	-1	-1	-1	-1	-1	-1	-1	-1
SRR5860663.cleaned	-1	-1	-1	-1	-1	-1	0.94	0.96	1.0	0.95	1.0	0.42	1.0	0.91	0.79	0.93	0.97	0.68	0.87	0.65	0.96	0.9	0.96	1.0	0.85	0.91	0.84	0.97	0.83	0.91	0.84	0.9	1.0	0.75	0.81	1.0	0.81	0.96	0.95	-1	-1	-1	-1	-1	-1	-1	-1	-1	-1	-1	-1	-1	-1	-1	-1	-1	-1	-1	-1	-1	-1	-1	-1	-1	-1	-1	-1	-1	-1	-1	-1	-1
SRR5860664.cleaned	-1	-1	-1	-1	-1	-1	0.93	0.98	1.0	0.94	0.98	0.53	1.0	0.77	0.93	0.82	0.97	0.59	0.9	0.68	0.92	0.97	0.9	1.0	0.94	0.92	0.8	0.95	0.76	0.9	0.79	0.93	1.0	0.69	0.81	1.0	0.81	0.86	0.88	-1	-1	-1	-1	-1	-1	-1	-1	-1	-1	-1	-1	-1	-1	-1	-1	-1	-1	-1	-1	-1	-1	-1	-1	-1	-1	-1	-1	-1	-1	-1	-1	-1
SRR5860665.cleaned	-1	-1	-1	-1	-1	-1	0.94	0.96	1.0	0.95	1.0	0.4	1.0	0.86	0.87	0.86	0.97	0.54	0.94	0.65	0.96	0.93	0.95	1.0	0.89	0.93	0.83	0.99	0.81	0.9	0.79	0.88	0.98	0.78	0.84	1.0	0.84	0.86	0.97	-1	-1	-1	-1	-1	-1	-1	-1	-1	-1	-1	-1	-1	-1	-1	-1	-1	-1	-1	-1	-1	-1	-1	-1	-1	-1	-1	-1	-1	-1	-1	-1	-1
SRR5860666.cleaned	0.88	1.0	1.0	1.0	0.71	0.82	0.97	0.98	1.0	0.97	1.0	0.81	1.0	0.97	0.93	0.93	0.98	0.8	0.96	0.86	0.99	0.95	0.98	1.0	0.95	0.94	0.89	0.96	0.48	0.95	0.91	0.88	0.97	0.76	0.96	1.0	0.96	0.98	1.0	0.96	1.0	1.0	1.0	1.0	0.95	0.72	1.0	0.99	0.89	1.0	1.0	0.6	1.0	1.0	0.99	1.0	1.0	0.75	1.0	1.0	1.0	1.0	1.0	0.98	0.96	1.0	1.0	0.97	1.0	1.0	1.0	1.0
SRR5860667.cleaned	0.93	1.0	1.0	0.99	0.8	0.83	0.98	0.97	1.0	0.98	0.99	0.84	1.0	0.95	0.95	0.93	0.99	0.8	0.95	0.85	0.96	0.97	0.97	1.0	0.94	0.96	0.91	0.96	0.45	0.91	0.9	0.92	1.0	0.74	0.96	1.0	0.95	0.98	1.0	0.91	1.0	1.0	1.0	1.0	0.91	0.66	1.0	1.0	0.9	1.0	1.0	0.58	1.0	1.0	1.0	1.0	1.0	0.65	1.0	1.0	0.99	1.0	1.0	0.99	0.93	1.0	1.0	0.89	1.0	1.0	1.0	1.0
SRR5860668.cleaned	1.0	1.0	1.0	1.0	0.91	0.78	0.99	0.99	0.99	0.98	1.0	0.87	1.0	0.96	0.94	0.98	0.99	0.88	0.95	0.87	0.96	0.97	0.97	1.0	0.96	0.97	0.97	0.98	0.31	0.98	0.92	0.93	0.96	0.75	0.97	1.0	0.98	0.99	0.99	1.0	0.87	1.0	1.0	1.0	1.0	1.0	1.0	1.0	1.0	0.84	1.0	1.0	0.95	1.0	1.0	1.0	0.98	0.99	1.0	0.93	1.0	1.0	1.0	1.0	1.0	0.94	1.0	1.0	1.0	1.0	1.0	1.0
SRR5860669.cleaned	0.96	1.0	0.96	1.0	0.99	0.75	0.98	0.98	0.99	0.96	0.99	0.77	0.99	0.92	0.92	0.96	0.98	0.84	0.94	0.84	0.95	0.95	0.96	1.0	0.95	0.96	0.93	0.99	0.43	0.95	0.85	0.92	1.0	0.79	0.9	1.0	0.93	0.94	0.98	1.0	1.0	-1	1.0	1.0	1.0	1.0	1.0	1.0	1.0	0.87	0.87	1.0	0.91	0.89	1.0	1.0	1.0	1.0	0.89	0.99	0.88	1.0	1.0	1.0	1.0	0.92	1.0	0.97	1.0	0.96	1.0	1.0
SRR5860670.cleaned	1.0	0.97	0.99	1.0	0.93	0.66	0.97	0.99	0.96	0.95	0.98	0.76	0.98	0.9	0.93	0.96	0.96	0.79	0.9	0.82	0.94	0.94	0.94	1.0	0.95	0.95	0.94	0.98	0.52	0.96	0.84	0.83	0.99	0.74	0.93	1.0	0.93	0.95	0.98	1.0	1.0	0.94	1.0	1.0	1.0	1.0	1.0	1.0	0.99	0.98	0.99	1.0	0.75	0.95	1.0	1.0	1.0	1.0	0.96	1.0	0.99	1.0	1.0	1.0	1.0	0.77	0.99	1.0	0.98	0.99	1.0	1.0
SRR5860671.cleaned	0.95	1.0	0.9	1.0	0.93	0.7	0.95	0.96	1.0	0.95	1.0	0.86	1.0	0.95	0.91	0.98	0.96	0.86	0.94	0.85	0.95	0.96	0.94	1.0	0.96	0.96	0.95	0.98	0.44	0.97	0.82	0.92	0.99	0.82	0.91	1.0	0.97	0.96	0.99	1.0	1.0	0.75	1.0	1.0	1.0	1.0	1.0	1.0	1.0	0.96	0.95	1.0	0.81	0.93	1.0	1.0	1.0	1.0	0.94	1.0	0.93	1.0	1.0	1.0	1.0	0.83	1.0	0.93	1.0	0.93	1.0	1.0
SRR5860672.cleaned	0.95	1.0	1.0	1.0	0.79	0.82	0.96	0.99	1.0	0.96	1.0	0.77	1.0	0.93	0.95	0.96	0.97	0.8	0.94	0.79	0.96	0.97	0.95	1.0	0.96	0.97	0.93	0.98	0.48	0.95	0.92	0.89	0.98	0.67	0.92	1.0	0.92	0.98	0.99	0.89	1.0	1.0	1.0	1.0	0.97	0.65	1.0	1.0	0.91	1.0	1.0	0.63	1.0	1.0	1.0	1.0	1.0	0.7	0.99	1.0	1.0	1.0	1.0	0.94	0.94	1.0	1.0	0.88	1.0	1.0	0.99	0.99
SRR5860673.cleaned	0.94	1.0	1.0	1.0	0.9	0.79	0.98	0.98	1.0	0.98	1.0	0.8	1.0	0.95	0.93	0.95	0.99	0.83	0.97	0.91	0.98	0.96	0.97	1.0	0.94	0.94	0.9	0.95	0.49	0.95	0.89	0.88	0.97	0.72	0.97	1.0	0.97	0.98	1.0	0.91	1.0	1.0	1.0	1.0	0.96	0.83	1.0	1.0	1.0	1.0	1.0	0.6	1.0	1.0	1.0	1.0	1.0	0.79	1.0	1.0	1.0	1.0	1.0	1.0	0.88	1.0	1.0	0.96	1.0	1.0	1.0	1.0
SRR5860674.cleaned	0.94	1.0	1.0	1.0	0.8	0.89	0.98	1.0	1.0	0.98	1.0	0.8	1.0	0.95	0.91	0.93	0.98	0.82	0.96	0.87	0.98	0.95	0.97	1.0	0.9	0.97	0.91	0.96	0.46	0.93	0.86	0.87	0.99	0.78	0.97	1.0	0.97	0.98	1.0	0.97	1.0	1.0	1.0	1.0	0.97	0.72	1.0	1.0	0.95	1.0	1.0	0.63	1.0	1.0	1.0	1.0	1.0	0.76	1.0	1.0	1.0	1.0	1.0	0.98	0.97	1.0	1.0	0.92	1.0	1.0	1.0	1.0
SRR5860675.cleaned	0.9	1.0	1.0	1.0	0.79	0.82	0.97	0.98	1.0	0.96	1.0	0.85	1.0	0.96	0.97	0.95	0.97	0.8	0.93	0.82	0.97	0.98	0.96	1.0	0.94	0.98	0.92	0.96	0.41	0.94	0.95	0.85	0.99	0.74	0.93	1.0	0.93	0.99	0.99	1.0	1.0	1.0	1.0	1.0	0.89	1.0	1.0	1.0	1.0	1.0	1.0	0.57	1.0	1.0	1.0	1.0	1.0	0.99	1.0	1.0	1.0	1.0	1.0	0.85	0.93	1.0	1.0	0.86	1.0	1.0	1.0	1.0
SRR5860676.cleaned	-1	-1	-1	-1	-1	-1	0.94	0.97	1.0	0.96	1.0	0.46	1.0	0.87	0.86	0.89	0.97	0.57	0.88	0.59	0.93	0.94	0.93	1.0	0.86	0.95	0.82	0.95	0.76	0.88	0.88	0.91	0.99	0.75	0.83	0.99	0.83	0.87	0.96	-1	-1	-1	-1	-1	-1	-1	-1	-1	-1	-1	-1	-1	-1	-1	-1	-1	-1	-1	-1	-1	-1	-1	-1	-1	-1	-1	-1	-1	-1	-1	-1	-1
SRR7697345.cleaned	-1	-1	-1	-1	-1	-1	0.82	1.0	1.0	0.89	1.0	0.41	1.0	0.91	0.82	0.88	0.92	0.52	0.97	0.66	0.97	0.91	0.91	1.0	0.89	0.95	0.89	0.89	0.63	0.93	0.75	1.0	1.0	0.75	0.96	0.88	0.96	0.82	-1	-1	-1	-1	-1	-1	-1	-1	-1	-1	-1	-1	-1	-1	-1	-1	-1	-1	-1	-1	-1	-1	-1	-1	-1	-1	-1	-1	-1	-1	-1	-1	-1	-1
SRR9913024.cleaned	1.0	1.0	0.94	-1	1.0	0.67	0.94	0.91	1.0	0.91	1.0	0.97	1.0	0.92	0.97	0.97	0.97	0.83	0.89	0.67	0.91	0.98	0.92	0.86	0.8	1.0	1.0	0.97	0.64	0.91	0.91	0.94	0.61	0.44	0.71	1.0	1.0	1.0	1.0	1.0	1.0	-1	0.83	0.81	1.0	0.0	0.89	0.68	1.0	1.0	1.0	1.0	1.0	1.0	0.68	0.84	1.0	-1	1.0	1.0	1.0	-1	1.0	1.0	1.0	1.0	1.0	-1	1.0	-1	-1	-1
