ID	Shellder_34	Shellder_86	Shellder_147	Shellder_187	Shellder_221	Shellder_240	Shellder_242	Shellder_254	Shellder_255	Shellder_279	Shellder_288	Shellder_289	Shellder_291	Shellder_302	Shellder_319	Shellder_343	Shellder_350	Shellder_369	Shellder_381	Shellder_398	Shellder_405	Shellder_418	Shellder_433	Shellder_442	Shellder_452	Shellder_518	Shellder_533	Shellder_548	Shellder_563	Shellder_591	Shellder_596	Shellder_603	Shellder_605	Shellder_608	Shellder_610	Shellder_611	Shellder_616	Shellder_617	Shellder_620	Shellder_625	Shellder_626	Shellder_627	Shellder_630	Shellder_631	Shellder_632	Shellder_634	Shellder_635	Shellder_636	Shellder_638	Shellder_641	Shellder_644	Shellder_646	Shellder_647	Shellder_648	Shellder_650	Shellder_656	Shellder_658	Shellder_659	Shellder_660	Shellder_662	Shellder_664	Shellder_665	Shellder_668	Shellder_671	Shellder_680	Shellder_683	Shellder_686	Shellder_698	Shellder_707	Shellder_767	Shellder_832	Shellder_851	Shellder_941	Shellder_944	Shellder_958	Shellder_971	Shellder_974	Shellder_1010	Shellder_1028	Shellder_1047	Shellder_1089	Shellder_1142	Shellder_1178	Shellder_1229	Shellder_1262	Shellder_1269	Shellder_1278	Shellder_1290	Shellder_1363	Shellder_1385	Shellder_1419	Shellder_1443	Shellder_1449	Shellder_1462	Shellder_1504	Shellder_1511	Shellder_1517	Shellder_1615	Shellder_1811	Shellder_1870	Shellder_1944	Shellder_1972	Shellder_2017	Shellder_2144	Shellder_2172	Shellder_2187	Shellder_2277	Shellder_2292	Shellder_2298	Shellder_2433	Shellder_2436	Shellder_2458	Shellder_2469	Shellder_2472	Shellder_2476	Shellder_2544	Shellder_2749	Shellder_2761	Shellder_2813	Shellder_2858	Shellder_2972	Shellder_3135	Shellder_3207	Shellder_3252	Shellder_3294	Shellder_3336	Shellder_3384	Shellder_3435	Shellder_3542	Shellder_3584	Shellder_3648	Shellder_3672	Shellder_3674	Shellder_3687	Shellder_3692	Shellder_3833	Shellder_3883	Shellder_3897	Shellder_3939	Shellder_4068	Shellder_4149	Shellder_4158	Shellder_4240	Shellder_4371	Shellder_4446	Shellder_4488	Shellder_4506	Shellder_4578	Shellder_4604	Shellder_4682	Shellder_4715	Shellder_4772	Shellder_4776	Shellder_4794	Shellder_4797	Shellder_4886	Shellder_4889	Shellder_4925	Shellder_4949	Shellder_4964	Shellder_5001	Shellder_5108	Shellder_5155	Shellder_5279	Shellder_5280	Shellder_5348	Shellder_5389	Shellder_5452	Shellder_5466	Shellder_5469	Shellder_5619	Shellder_5677	Shellder_5703	Shellder_5708	Shellder_5958	Shellder_5969	Shellder_5971	Shellder_6008	Shellder_6084	Shellder_6179	Shellder_6280	Shellder_6341	Shellder_6381	Shellder_6415	Shellder_6434	Shellder_6436	Shellder_6448	Shellder_6482	Shellder_6483	Shellder_6485	Shellder_6496	Shellder_6513	Shellder_6537	Shellder_6541	Shellder_6542	Shellder_6563	Shellder_6575	Shellder_6589	Shellder_6592	Shellder_6599	Shellder_6611	Shellder_6627
ERR668305.cleaned	1.0	0.89	0.9	1.0	1.0	1.0	1.0	1.0	1.0	1.0	1.0	1.0	0.86	1.0	1.0	1.0	1.0	0.9	1.0	1.0	1.0	1.0	1.0	1.0	0.82	1.0	1.0	1.0	1.0	1.0	1.0	0.99	0.99	1.0	1.0	0.99	0.98	1.0	0.98	0.84	0.99	0.96	1.0	0.96	0.83	0.97	0.83	0.97	0.98	0.99	0.96	0.97	0.95	0.98	0.95	0.98	0.69	0.98	0.98	0.98	1.0	0.89	0.94	0.94	0.93	0.99	0.99	1.0	0.8	0.89	1.0	1.0	1.0	1.0	1.0	1.0	1.0	1.0	1.0	1.0	1.0	1.0	1.0	1.0	0.93	1.0	1.0	1.0	1.0	1.0	1.0	1.0	1.0	1.0	1.0	1.0	1.0	1.0	1.0	0.44	1.0	0.89	1.0	1.0	1.0	1.0	1.0	1.0	1.0	1.0	1.0	1.0	1.0	1.0	1.0	1.0	0.78	1.0	1.0	1.0	0.79	1.0	0.87	1.0	1.0	1.0	1.0	1.0	1.0	1.0	1.0	1.0	1.0	1.0	0.9	1.0	1.0	1.0	1.0	1.0	1.0	1.0	1.0	1.0	1.0	0.88	1.0	1.0	1.0	1.0	1.0	1.0	1.0	1.0	1.0	1.0	1.0	1.0	1.0	1.0	1.0	1.0	1.0	0.74	0.95	1.0	0.9	1.0	1.0	1.0	1.0	1.0	1.0	1.0	0.76	1.0	1.0	0.9	1.0	0.85	0.89	0.87	1.0	1.0	1.0	1.0	1.0	1.0	1.0	0.89	1.0	1.0	1.0	1.0	1.0	0.9	1.0	1.0	1.0	1.0	1.0	1.0
ERR668306.cleaned	1.0	1.0	0.79	1.0	1.0	1.0	0.89	0.88	1.0	1.0	1.0	1.0	1.0	1.0	1.0	1.0	1.0	0.9	1.0	1.0	1.0	1.0	1.0	0.84	0.82	1.0	1.0	1.0	1.0	1.0	1.0	0.96	0.96	1.0	0.98	1.0	0.99	1.0	0.98	0.88	1.0	0.97	1.0	0.97	0.9	0.98	0.82	0.98	0.91	0.96	0.97	0.98	0.98	0.99	0.95	0.98	0.69	0.98	0.96	0.99	0.98	0.96	0.93	0.93	0.96	1.0	0.98	1.0	0.76	0.99	1.0	1.0	1.0	1.0	1.0	1.0	1.0	0.91	0.89	1.0	1.0	1.0	1.0	1.0	1.0	1.0	1.0	0.93	1.0	0.99	1.0	1.0	1.0	1.0	1.0	1.0	1.0	0.8	1.0	0.58	1.0	0.88	1.0	1.0	1.0	1.0	1.0	1.0	1.0	1.0	1.0	1.0	1.0	0.91	1.0	1.0	0.62	1.0	1.0	1.0	0.75	1.0	1.0	1.0	1.0	1.0	1.0	1.0	1.0	1.0	1.0	1.0	1.0	1.0	1.0	0.9	1.0	1.0	1.0	1.0	1.0	1.0	1.0	1.0	1.0	1.0	0.89	1.0	1.0	1.0	0.88	1.0	1.0	1.0	1.0	1.0	1.0	1.0	1.0	1.0	1.0	1.0	1.0	0.79	1.0	1.0	0.87	1.0	1.0	1.0	1.0	1.0	1.0	1.0	0.76	1.0	1.0	0.89	1.0	1.0	1.0	0.83	1.0	0.99	1.0	0.88	0.89	1.0	1.0	1.0	1.0	1.0	1.0	1.0	1.0	0.91	1.0	1.0	1.0	1.0	1.0	1.0
ERR668307.cleaned	1.0	1.0	0.87	1.0	1.0	1.0	1.0	1.0	1.0	1.0	1.0	1.0	1.0	1.0	1.0	1.0	1.0	0.93	1.0	1.0	1.0	1.0	1.0	0.96	0.89	1.0	1.0	1.0	1.0	1.0	1.0	1.0	0.99	1.0	1.0	1.0	1.0	1.0	0.99	0.95	1.0	0.99	1.0	1.0	0.94	0.97	0.95	0.97	0.96	0.98	0.98	0.98	0.99	1.0	0.96	0.98	0.82	1.0	0.98	0.96	0.99	0.97	0.93	0.92	0.98	0.99	0.98	1.0	0.73	0.8	1.0	1.0	1.0	1.0	1.0	1.0	1.0	1.0	0.95	1.0	1.0	1.0	1.0	1.0	1.0	1.0	1.0	0.94	1.0	1.0	1.0	1.0	1.0	1.0	1.0	1.0	1.0	0.97	1.0	0.48	1.0	0.87	1.0	1.0	1.0	1.0	1.0	1.0	0.91	0.95	1.0	1.0	1.0	1.0	1.0	1.0	0.65	1.0	1.0	1.0	0.62	1.0	1.0	1.0	1.0	1.0	1.0	1.0	1.0	1.0	1.0	1.0	1.0	1.0	0.97	0.99	1.0	1.0	1.0	1.0	1.0	1.0	1.0	1.0	1.0	1.0	0.97	0.95	1.0	1.0	1.0	1.0	1.0	1.0	1.0	1.0	1.0	1.0	1.0	1.0	1.0	1.0	1.0	0.87	1.0	1.0	0.91	1.0	1.0	1.0	1.0	1.0	1.0	1.0	0.72	1.0	1.0	0.94	1.0	1.0	1.0	0.88	1.0	1.0	1.0	1.0	1.0	1.0	1.0	1.0	1.0	1.0	1.0	1.0	1.0	0.94	1.0	1.0	1.0	1.0	1.0	1.0
ERR668308.cleaned	1.0	1.0	0.6	0.83	1.0	1.0	1.0	1.0	1.0	1.0	1.0	1.0	1.0	1.0	1.0	1.0	1.0	0.8	1.0	1.0	1.0	1.0	1.0	0.98	0.88	1.0	1.0	1.0	1.0	1.0	1.0	0.99	0.99	1.0	1.0	1.0	1.0	1.0	1.0	0.86	1.0	0.99	1.0	0.97	0.84	0.95	0.84	0.96	0.98	0.99	0.96	0.99	1.0	0.98	1.0	1.0	0.62	0.99	0.96	0.9	1.0	0.93	0.93	0.9	0.99	0.97	0.97	1.0	0.7	0.82	1.0	0.92	1.0	1.0	1.0	1.0	1.0	0.89	1.0	1.0	1.0	1.0	1.0	1.0	1.0	1.0	1.0	0.81	1.0	1.0	1.0	1.0	1.0	1.0	1.0	1.0	1.0	0.95	1.0	0.49	1.0	0.96	1.0	1.0	1.0	1.0	1.0	1.0	1.0	0.81	1.0	1.0	1.0	1.0	1.0	1.0	0.62	1.0	1.0	1.0	0.55	1.0	1.0	0.89	1.0	1.0	1.0	1.0	1.0	0.91	1.0	1.0	1.0	1.0	1.0	0.89	1.0	1.0	1.0	1.0	1.0	1.0	1.0	1.0	1.0	1.0	1.0	0.92	1.0	0.88	1.0	1.0	1.0	0.91	0.94	1.0	1.0	1.0	1.0	1.0	1.0	1.0	1.0	1.0	1.0	0.99	0.96	0.9	1.0	1.0	1.0	1.0	1.0	1.0	0.65	1.0	1.0	1.0	0.88	1.0	1.0	0.59	0.82	1.0	1.0	1.0	1.0	1.0	1.0	1.0	1.0	1.0	1.0	1.0	1.0	0.84	1.0	1.0	1.0	1.0	1.0	1.0
ERR668309.cleaned	1.0	1.0	0.77	1.0	1.0	1.0	1.0	0.96	1.0	1.0	0.99	1.0	1.0	1.0	1.0	1.0	0.99	0.83	1.0	1.0	1.0	1.0	1.0	0.94	0.89	1.0	1.0	1.0	0.99	1.0	1.0	1.0	0.99	1.0	1.0	1.0	1.0	1.0	0.98	0.88	1.0	0.98	1.0	0.97	0.89	0.93	0.91	1.0	0.97	0.98	0.97	0.99	0.99	0.99	0.96	0.98	0.71	0.99	0.97	0.96	0.99	0.99	0.96	0.98	0.99	1.0	0.99	1.0	0.77	0.97	1.0	0.88	1.0	1.0	1.0	1.0	1.0	1.0	1.0	1.0	1.0	1.0	1.0	1.0	0.99	1.0	1.0	0.87	1.0	1.0	1.0	1.0	1.0	1.0	1.0	0.93	1.0	0.94	1.0	0.44	1.0	0.82	1.0	1.0	1.0	1.0	1.0	1.0	1.0	0.97	1.0	1.0	1.0	0.97	1.0	1.0	0.74	1.0	0.99	0.99	0.73	1.0	1.0	0.9	1.0	1.0	1.0	1.0	1.0	1.0	1.0	1.0	1.0	0.95	1.0	1.0	1.0	1.0	1.0	1.0	0.94	1.0	1.0	1.0	1.0	1.0	0.94	0.97	1.0	1.0	1.0	0.98	1.0	1.0	0.97	1.0	1.0	1.0	1.0	1.0	1.0	1.0	1.0	1.0	1.0	0.95	0.8	0.91	1.0	1.0	1.0	1.0	1.0	1.0	0.78	1.0	1.0	0.94	0.88	1.0	1.0	0.68	1.0	1.0	1.0	1.0	0.96	1.0	1.0	1.0	1.0	1.0	1.0	1.0	1.0	0.79	1.0	1.0	1.0	1.0	1.0	1.0
ERR668310.cleaned	1.0	1.0	0.75	1.0	1.0	1.0	1.0	1.0	1.0	1.0	1.0	1.0	1.0	1.0	1.0	1.0	1.0	0.79	1.0	1.0	1.0	1.0	1.0	0.98	0.87	1.0	1.0	1.0	1.0	1.0	1.0	1.0	0.99	1.0	1.0	1.0	1.0	0.99	0.98	0.92	0.99	0.98	1.0	1.0	0.91	0.98	0.91	0.98	0.98	0.98	0.98	0.98	0.97	0.99	0.98	0.96	0.75	0.99	0.98	0.95	0.99	0.95	0.96	0.97	1.0	0.99	0.98	1.0	0.84	0.89	1.0	1.0	1.0	1.0	1.0	1.0	1.0	1.0	1.0	1.0	1.0	1.0	1.0	1.0	1.0	1.0	1.0	0.96	1.0	1.0	1.0	0.96	1.0	1.0	1.0	0.93	1.0	1.0	1.0	0.51	1.0	0.94	1.0	1.0	1.0	1.0	1.0	1.0	1.0	0.97	1.0	1.0	1.0	1.0	1.0	1.0	0.83	0.97	1.0	1.0	0.87	1.0	1.0	0.94	1.0	1.0	1.0	1.0	1.0	1.0	1.0	1.0	0.96	0.91	1.0	1.0	1.0	0.98	1.0	1.0	1.0	1.0	1.0	1.0	1.0	1.0	1.0	0.98	1.0	1.0	1.0	1.0	1.0	1.0	1.0	1.0	1.0	1.0	1.0	1.0	1.0	1.0	1.0	0.84	1.0	0.92	0.94	0.95	1.0	1.0	1.0	1.0	1.0	1.0	0.78	1.0	1.0	0.9	0.94	1.0	1.0	0.78	1.0	1.0	1.0	1.0	1.0	1.0	1.0	1.0	1.0	1.0	1.0	1.0	1.0	0.8	1.0	1.0	1.0	1.0	1.0	1.0
ERR668311.cleaned	1.0	1.0	0.73	0.96	1.0	1.0	1.0	1.0	1.0	1.0	1.0	1.0	1.0	1.0	1.0	1.0	1.0	0.86	1.0	1.0	1.0	1.0	1.0	0.97	0.86	1.0	0.99	1.0	1.0	1.0	0.99	0.93	0.93	1.0	0.98	1.0	0.99	1.0	0.97	0.76	1.0	0.96	1.0	0.96	0.78	0.98	0.78	0.98	0.98	0.99	0.97	0.98	0.97	0.96	0.95	0.98	0.54	0.96	0.95	0.92	0.98	0.89	0.88	0.89	0.98	1.0	0.99	1.0	0.63	1.0	1.0	1.0	1.0	1.0	1.0	1.0	1.0	0.85	1.0	1.0	1.0	0.89	1.0	1.0	1.0	1.0	1.0	0.95	1.0	1.0	1.0	1.0	1.0	1.0	1.0	1.0	0.85	0.97	1.0	0.56	1.0	0.64	1.0	1.0	1.0	1.0	1.0	1.0	1.0	1.0	1.0	1.0	1.0	0.89	1.0	1.0	0.62	1.0	1.0	1.0	0.62	1.0	1.0	1.0	1.0	1.0	1.0	0.87	1.0	1.0	1.0	1.0	1.0	1.0	1.0	0.87	1.0	1.0	1.0	1.0	1.0	1.0	1.0	1.0	1.0	1.0	1.0	1.0	1.0	1.0	1.0	1.0	1.0	1.0	1.0	1.0	1.0	0.88	1.0	1.0	1.0	1.0	1.0	1.0	1.0	1.0	0.75	1.0	1.0	1.0	1.0	1.0	1.0	1.0	0.6	1.0	1.0	1.0	1.0	1.0	1.0	0.69	0.95	1.0	0.99	1.0	1.0	1.0	1.0	1.0	1.0	1.0	1.0	1.0	1.0	0.89	1.0	1.0	1.0	1.0	1.0	1.0
ERR668312.cleaned	1.0	1.0	1.0	1.0	1.0	1.0	1.0	1.0	1.0	1.0	1.0	1.0	1.0	1.0	1.0	1.0	1.0	1.0	1.0	1.0	1.0	1.0	1.0	1.0	0.96	1.0	1.0	1.0	1.0	1.0	1.0	0.99	0.98	1.0	1.0	1.0	0.97	1.0	0.99	0.93	0.97	0.93	1.0	1.0	0.89	0.99	0.81	0.99	0.98	0.96	0.93	1.0	0.95	0.99	0.97	0.98	0.71	0.99	0.98	0.92	1.0	0.98	0.97	0.97	0.99	1.0	1.0	1.0	0.76	0.84	1.0	1.0	1.0	1.0	1.0	1.0	1.0	1.0	0.91	1.0	1.0	1.0	1.0	1.0	1.0	1.0	1.0	1.0	1.0	1.0	1.0	1.0	1.0	1.0	1.0	0.77	1.0	1.0	1.0	0.47	1.0	0.95	1.0	1.0	0.89	1.0	1.0	1.0	1.0	1.0	1.0	1.0	1.0	1.0	1.0	1.0	0.76	1.0	1.0	0.91	0.77	1.0	1.0	1.0	1.0	1.0	1.0	1.0	1.0	1.0	1.0	1.0	1.0	0.91	1.0	1.0	1.0	1.0	1.0	1.0	1.0	1.0	0.89	1.0	1.0	1.0	1.0	1.0	1.0	1.0	1.0	0.88	1.0	1.0	1.0	1.0	1.0	1.0	1.0	1.0	1.0	0.88	1.0	0.88	0.9	0.76	0.91	1.0	1.0	1.0	1.0	1.0	1.0	1.0	0.79	1.0	1.0	1.0	1.0	1.0	1.0	1.0	1.0	1.0	1.0	1.0	1.0	0.99	1.0	1.0	1.0	1.0	1.0	1.0	1.0	1.0	1.0	1.0	1.0	1.0	1.0	1.0
ERR668313.cleaned	1.0	1.0	0.72	1.0	1.0	1.0	1.0	1.0	1.0	1.0	1.0	1.0	1.0	1.0	1.0	1.0	1.0	0.74	1.0	1.0	1.0	1.0	1.0	0.88	0.91	1.0	1.0	1.0	1.0	1.0	1.0	1.0	1.0	1.0	1.0	0.99	1.0	1.0	0.99	0.85	1.0	0.97	1.0	0.97	0.85	0.96	0.88	0.96	0.98	0.98	0.97	0.98	0.95	0.99	1.0	0.98	0.59	0.96	0.96	0.94	0.99	0.92	0.92	0.92	1.0	1.0	0.96	1.0	0.8	0.74	1.0	0.96	1.0	1.0	1.0	1.0	1.0	0.98	1.0	0.77	1.0	1.0	1.0	1.0	1.0	1.0	1.0	1.0	1.0	1.0	1.0	1.0	1.0	1.0	1.0	1.0	1.0	0.89	1.0	0.32	1.0	1.0	1.0	1.0	1.0	1.0	1.0	1.0	1.0	0.9	1.0	1.0	1.0	1.0	1.0	1.0	0.63	1.0	1.0	1.0	0.74	1.0	1.0	0.95	1.0	1.0	1.0	1.0	1.0	0.86	1.0	1.0	1.0	1.0	1.0	0.95	1.0	1.0	1.0	1.0	1.0	0.87	1.0	1.0	1.0	1.0	0.86	0.86	1.0	0.86	1.0	1.0	1.0	0.85	0.87	1.0	1.0	1.0	1.0	1.0	0.86	1.0	1.0	1.0	1.0	1.0	1.0	0.96	1.0	1.0	1.0	1.0	1.0	1.0	0.72	1.0	1.0	0.93	0.96	1.0	1.0	0.72	1.0	1.0	1.0	1.0	1.0	1.0	1.0	1.0	1.0	1.0	1.0	1.0	1.0	0.73	1.0	1.0	1.0	1.0	1.0	1.0
ERR668314.cleaned	1.0	1.0	0.86	0.96	1.0	1.0	1.0	1.0	1.0	0.95	1.0	1.0	1.0	1.0	1.0	1.0	1.0	0.97	1.0	1.0	1.0	1.0	1.0	0.9	0.79	1.0	1.0	1.0	1.0	1.0	1.0	0.97	0.97	1.0	0.99	1.0	0.99	1.0	0.99	0.86	0.99	0.98	1.0	0.97	0.84	0.98	0.78	1.0	0.97	0.99	0.98	0.99	0.98	0.98	0.98	1.0	0.74	0.99	0.98	0.97	0.99	0.91	0.9	0.88	0.99	0.99	1.0	1.0	0.56	0.83	1.0	1.0	1.0	1.0	1.0	1.0	1.0	0.91	0.95	1.0	1.0	1.0	1.0	1.0	1.0	1.0	1.0	0.97	1.0	1.0	1.0	1.0	1.0	1.0	1.0	0.9	1.0	1.0	1.0	0.64	1.0	0.77	1.0	1.0	1.0	1.0	1.0	1.0	1.0	0.9	1.0	1.0	1.0	1.0	1.0	1.0	0.56	1.0	1.0	1.0	0.6	1.0	1.0	1.0	1.0	1.0	1.0	1.0	1.0	1.0	1.0	1.0	1.0	0.96	0.95	0.92	1.0	1.0	1.0	1.0	1.0	1.0	1.0	1.0	1.0	1.0	1.0	0.97	1.0	1.0	1.0	1.0	1.0	1.0	1.0	1.0	1.0	1.0	1.0	1.0	1.0	1.0	1.0	0.87	1.0	0.9	0.83	1.0	1.0	1.0	1.0	1.0	1.0	1.0	0.61	1.0	1.0	1.0	1.0	0.95	1.0	0.88	0.96	1.0	1.0	1.0	1.0	1.0	1.0	1.0	1.0	1.0	1.0	1.0	1.0	0.97	1.0	1.0	1.0	1.0	1.0	1.0
ERR668315.cleaned	1.0	1.0	1.0	1.0	0.92	1.0	0.99	1.0	1.0	1.0	0.07	1.0	1.0	1.0	1.0	1.0	1.0	1.0	1.0	0.96	1.0	1.0	1.0	0.87	0.87	1.0	1.0	1.0	0.09	1.0	1.0	0.97	0.97	1.0	0.99	1.0	0.99	1.0	0.99	0.85	1.0	0.99	1.0	0.99	0.89	0.97	0.89	0.97	0.98	0.98	0.97	0.92	0.97	0.98	0.97	0.95	0.62	0.96	0.98	0.95	1.0	0.92	0.9	0.94	0.97	0.96	0.98	1.0	1.0	1.0	1.0	1.0	1.0	1.0	1.0	1.0	1.0	1.0	1.0	1.0	1.0	1.0	1.0	1.0	1.0	1.0	1.0	1.0	1.0	1.0	1.0	1.0	1.0	0.96	1.0	1.0	1.0	1.0	1.0	0.07	1.0	1.0	0.1	1.0	1.0	1.0	1.0	1.0	1.0	1.0	1.0	1.0	1.0	1.0	1.0	1.0	1.0	1.0	0.07	0.08	1.0	1.0	1.0	1.0	1.0	1.0	1.0	1.0	1.0	1.0	1.0	1.0	1.0	1.0	1.0	1.0	1.0	1.0	1.0	1.0	1.0	1.0	1.0	1.0	1.0	1.0	1.0	1.0	1.0	1.0	1.0	1.0	1.0	1.0	1.0	1.0	1.0	1.0	1.0	1.0	1.0	1.0	1.0	1.0	1.0	1.0	1.0	1.0	1.0	1.0	1.0	1.0	1.0	1.0	1.0	1.0	1.0	1.0	1.0	0.92	1.0	1.0	1.0	0.93	1.0	1.0	1.0	0.08	1.0	1.0	1.0	1.0	1.0	1.0	1.0	1.0	1.0	1.0	0.93	1.0	1.0	1.0
ERR668316.cleaned	1.0	1.0	1.0	1.0	1.0	1.0	0.95	1.0	1.0	1.0	0.15	1.0	1.0	1.0	1.0	1.0	1.0	1.0	1.0	1.0	1.0	1.0	1.0	1.0	0.86	1.0	1.0	1.0	0.17	1.0	1.0	1.0	0.99	1.0	1.0	0.99	1.0	1.0	0.99	0.91	1.0	0.96	1.0	1.0	0.84	0.96	0.83	0.95	0.89	0.96	0.97	0.94	0.98	1.0	0.98	0.98	0.71	0.97	0.98	0.97	0.99	0.91	0.92	0.87	0.98	0.99	0.97	1.0	0.95	1.0	1.0	1.0	1.0	1.0	1.0	0.84	1.0	1.0	1.0	1.0	1.0	1.0	1.0	1.0	1.0	1.0	0.95	1.0	1.0	1.0	1.0	1.0	1.0	0.78	1.0	1.0	1.0	1.0	0.94	0.08	1.0	1.0	0.16	1.0	1.0	1.0	1.0	1.0	1.0	1.0	1.0	1.0	1.0	1.0	1.0	1.0	1.0	1.0	0.16	0.16	1.0	1.0	1.0	1.0	0.87	1.0	1.0	1.0	1.0	1.0	1.0	1.0	0.95	1.0	1.0	1.0	1.0	1.0	1.0	1.0	0.93	1.0	1.0	1.0	1.0	1.0	1.0	1.0	0.93	1.0	1.0	1.0	1.0	1.0	1.0	1.0	1.0	1.0	1.0	1.0	1.0	1.0	1.0	1.0	1.0	1.0	1.0	1.0	1.0	1.0	1.0	1.0	1.0	1.0	1.0	1.0	1.0	1.0	1.0	1.0	1.0	1.0	1.0	1.0	1.0	0.96	1.0	0.14	1.0	1.0	1.0	1.0	1.0	1.0	1.0	1.0	1.0	1.0	1.0	1.0	1.0	1.0
ERR668317.cleaned	1.0	1.0	1.0	1.0	1.0	1.0	1.0	1.0	1.0	1.0	0.28	1.0	1.0	1.0	1.0	1.0	1.0	1.0	0.94	1.0	1.0	0.87	1.0	0.82	0.85	1.0	1.0	1.0	0.34	1.0	1.0	1.0	1.0	1.0	1.0	1.0	1.0	1.0	1.0	0.91	1.0	0.99	1.0	1.0	0.93	0.97	0.93	0.94	0.92	0.99	0.97	0.96	0.96	1.0	0.96	0.96	0.71	0.99	0.97	0.92	1.0	0.95	0.97	0.99	0.98	0.98	1.0	1.0	0.85	1.0	1.0	1.0	1.0	1.0	1.0	1.0	1.0	1.0	1.0	1.0	1.0	1.0	1.0	1.0	1.0	1.0	1.0	1.0	1.0	1.0	1.0	1.0	1.0	1.0	1.0	1.0	1.0	1.0	1.0	0.23	1.0	1.0	0.36	1.0	1.0	0.95	1.0	1.0	0.93	1.0	1.0	1.0	1.0	1.0	1.0	1.0	1.0	1.0	0.32	0.35	1.0	1.0	1.0	1.0	1.0	1.0	1.0	1.0	1.0	1.0	1.0	1.0	0.86	1.0	1.0	1.0	1.0	1.0	1.0	1.0	1.0	1.0	1.0	1.0	1.0	1.0	1.0	1.0	1.0	1.0	1.0	1.0	1.0	1.0	1.0	1.0	1.0	1.0	1.0	1.0	1.0	1.0	1.0	1.0	1.0	1.0	1.0	1.0	1.0	1.0	1.0	1.0	1.0	1.0	1.0	1.0	1.0	1.0	1.0	1.0	1.0	1.0	1.0	1.0	1.0	1.0	1.0	0.29	1.0	1.0	1.0	1.0	1.0	1.0	1.0	1.0	0.95	1.0	1.0	1.0	1.0	1.0
ERR668318.cleaned	1.0	1.0	1.0	1.0	1.0	1.0	1.0	1.0	1.0	1.0	0.14	1.0	1.0	1.0	1.0	1.0	1.0	1.0	1.0	1.0	1.0	1.0	1.0	0.97	0.85	1.0	1.0	1.0	0.2	1.0	1.0	0.99	0.99	1.0	0.99	1.0	0.99	1.0	0.99	0.92	1.0	0.97	1.0	0.99	0.93	0.97	0.9	0.95	0.99	0.99	0.98	0.88	0.97	0.99	0.97	0.99	0.8	0.99	0.99	0.97	0.99	0.96	0.92	0.94	1.0	1.0	1.0	1.0	0.94	1.0	1.0	1.0	1.0	1.0	1.0	0.98	1.0	0.96	1.0	1.0	1.0	1.0	1.0	1.0	1.0	1.0	1.0	1.0	1.0	1.0	1.0	1.0	1.0	0.96	1.0	1.0	1.0	1.0	1.0	0.09	1.0	1.0	0.19	1.0	1.0	1.0	1.0	1.0	1.0	1.0	1.0	1.0	1.0	1.0	1.0	1.0	1.0	1.0	0.19	0.19	1.0	1.0	1.0	1.0	1.0	1.0	1.0	1.0	1.0	1.0	1.0	1.0	0.94	1.0	1.0	1.0	1.0	1.0	1.0	1.0	1.0	1.0	1.0	1.0	1.0	1.0	1.0	1.0	1.0	1.0	1.0	1.0	1.0	1.0	1.0	1.0	1.0	1.0	1.0	1.0	1.0	1.0	1.0	1.0	1.0	1.0	1.0	1.0	1.0	1.0	1.0	1.0	1.0	1.0	1.0	1.0	1.0	1.0	1.0	1.0	1.0	1.0	1.0	1.0	1.0	1.0	1.0	0.14	1.0	1.0	1.0	1.0	1.0	1.0	1.0	1.0	1.0	1.0	1.0	1.0	1.0	1.0
ERR668319.cleaned	1.0	1.0	1.0	1.0	1.0	1.0	1.0	1.0	0.83	1.0	0.0	1.0	1.0	1.0	1.0	1.0	1.0	1.0	1.0	1.0	1.0	1.0	1.0	1.0	0.85	1.0	1.0	1.0	0.0	1.0	1.0	0.98	0.98	1.0	0.98	1.0	0.98	0.98	0.97	0.88	0.98	0.98	0.97	0.96	0.94	0.98	0.95	0.97	0.89	0.96	0.99	0.91	0.98	0.99	0.99	0.97	0.8	0.97	0.98	0.94	1.0	0.98	0.99	1.0	1.0	0.99	1.0	1.0	1.0	1.0	1.0	1.0	1.0	0.74	1.0	1.0	1.0	1.0	1.0	1.0	1.0	1.0	1.0	1.0	1.0	1.0	1.0	1.0	1.0	1.0	1.0	1.0	1.0	0.94	1.0	1.0	1.0	1.0	1.0	0.0	1.0	1.0	0.0	1.0	1.0	1.0	1.0	1.0	1.0	1.0	1.0	1.0	1.0	1.0	1.0	1.0	1.0	1.0	0.0	0.0	0.99	1.0	1.0	0.99	1.0	1.0	0.88	1.0	1.0	1.0	1.0	1.0	0.99	1.0	1.0	1.0	0.84	1.0	1.0	1.0	1.0	1.0	1.0	0.89	1.0	1.0	1.0	1.0	1.0	1.0	1.0	1.0	1.0	1.0	1.0	0.81	1.0	1.0	1.0	1.0	1.0	1.0	1.0	1.0	1.0	1.0	1.0	1.0	1.0	1.0	1.0	1.0	1.0	1.0	1.0	1.0	1.0	1.0	1.0	1.0	1.0	1.0	1.0	1.0	1.0	1.0	1.0	0.0	1.0	1.0	0.99	1.0	1.0	1.0	1.0	1.0	1.0	1.0	1.0	1.0	1.0	1.0
ERR668320.cleaned	1.0	1.0	1.0	1.0	0.9	1.0	1.0	1.0	1.0	1.0	0.08	1.0	1.0	1.0	1.0	1.0	1.0	1.0	1.0	0.95	1.0	1.0	1.0	0.84	0.88	1.0	1.0	1.0	0.09	1.0	1.0	0.98	0.98	1.0	0.99	1.0	1.0	0.99	0.99	0.86	1.0	0.99	1.0	0.99	0.89	0.97	0.89	0.96	0.97	0.97	0.96	0.93	0.98	0.98	0.97	0.95	0.63	0.97	0.97	0.96	0.99	0.95	0.93	0.95	0.98	0.98	0.98	1.0	1.0	1.0	1.0	1.0	1.0	1.0	1.0	1.0	1.0	1.0	1.0	1.0	1.0	1.0	1.0	1.0	0.99	1.0	1.0	1.0	1.0	1.0	1.0	1.0	1.0	0.95	1.0	1.0	1.0	1.0	1.0	0.07	1.0	1.0	0.06	1.0	1.0	1.0	1.0	1.0	1.0	1.0	1.0	1.0	1.0	1.0	1.0	1.0	1.0	1.0	0.08	0.07	1.0	1.0	1.0	1.0	1.0	1.0	1.0	1.0	1.0	1.0	1.0	1.0	1.0	1.0	1.0	1.0	1.0	1.0	1.0	1.0	1.0	1.0	1.0	1.0	1.0	1.0	1.0	1.0	1.0	1.0	1.0	1.0	1.0	1.0	1.0	1.0	1.0	1.0	1.0	1.0	1.0	1.0	1.0	1.0	1.0	1.0	1.0	1.0	1.0	1.0	1.0	1.0	1.0	1.0	1.0	1.0	1.0	1.0	1.0	0.94	1.0	1.0	1.0	0.91	1.0	1.0	1.0	0.08	1.0	1.0	1.0	1.0	1.0	1.0	1.0	1.0	1.0	1.0	0.95	1.0	1.0	1.0
ERR668321.cleaned	1.0	1.0	1.0	1.0	1.0	1.0	1.0	1.0	1.0	1.0	0.28	0.86	1.0	1.0	1.0	1.0	1.0	1.0	1.0	0.93	1.0	1.0	1.0	0.96	0.8	1.0	1.0	1.0	0.3	1.0	1.0	1.0	0.99	1.0	1.0	1.0	1.0	0.98	1.0	0.9	1.0	0.99	1.0	0.99	0.91	0.99	0.91	1.0	0.96	0.99	0.97	0.93	0.98	0.98	1.0	0.96	0.76	0.98	0.98	0.97	1.0	0.96	0.96	0.96	1.0	1.0	1.0	1.0	1.0	1.0	1.0	1.0	1.0	0.96	0.85	1.0	1.0	1.0	1.0	1.0	1.0	1.0	1.0	1.0	0.99	1.0	1.0	1.0	1.0	1.0	1.0	1.0	1.0	0.93	1.0	1.0	1.0	1.0	1.0	0.0	1.0	1.0	0.31	1.0	1.0	1.0	1.0	1.0	1.0	1.0	1.0	1.0	1.0	1.0	1.0	1.0	1.0	1.0	0.31	0.32	1.0	1.0	1.0	1.0	1.0	1.0	1.0	1.0	1.0	1.0	1.0	1.0	1.0	1.0	1.0	1.0	1.0	1.0	1.0	1.0	1.0	1.0	1.0	1.0	1.0	1.0	1.0	1.0	1.0	1.0	1.0	1.0	1.0	1.0	1.0	1.0	1.0	1.0	1.0	1.0	1.0	1.0	1.0	1.0	1.0	0.85	1.0	1.0	1.0	1.0	1.0	1.0	1.0	1.0	1.0	1.0	1.0	1.0	1.0	1.0	1.0	1.0	1.0	1.0	1.0	1.0	1.0	0.25	0.88	1.0	1.0	1.0	1.0	1.0	1.0	1.0	1.0	1.0	0.92	1.0	1.0	1.0
ERR668322.cleaned	0.92	1.0	1.0	1.0	1.0	1.0	0.93	1.0	1.0	1.0	0.23	1.0	1.0	1.0	1.0	1.0	0.88	1.0	1.0	0.84	1.0	1.0	1.0	0.95	0.82	1.0	1.0	1.0	0.13	1.0	1.0	1.0	1.0	1.0	1.0	1.0	1.0	1.0	0.99	0.86	1.0	1.0	1.0	0.98	0.92	0.97	0.93	0.98	0.96	0.96	0.95	0.88	0.99	0.98	0.98	0.98	0.66	0.98	0.97	0.92	1.0	0.96	0.95	0.98	0.97	1.0	0.98	1.0	1.0	1.0	1.0	1.0	1.0	0.95	1.0	1.0	1.0	1.0	1.0	1.0	1.0	1.0	1.0	1.0	1.0	1.0	1.0	1.0	1.0	1.0	1.0	1.0	1.0	1.0	1.0	1.0	1.0	1.0	1.0	0.0	1.0	1.0	0.13	1.0	1.0	1.0	1.0	1.0	1.0	1.0	1.0	1.0	1.0	1.0	1.0	1.0	1.0	1.0	0.13	0.12	1.0	1.0	1.0	1.0	1.0	1.0	1.0	1.0	1.0	1.0	1.0	1.0	1.0	1.0	1.0	1.0	1.0	1.0	1.0	1.0	1.0	1.0	1.0	1.0	1.0	1.0	1.0	1.0	1.0	1.0	1.0	0.95	1.0	1.0	1.0	1.0	1.0	1.0	1.0	1.0	1.0	1.0	1.0	1.0	1.0	1.0	1.0	1.0	1.0	1.0	1.0	1.0	1.0	1.0	1.0	1.0	1.0	1.0	1.0	1.0	0.99	1.0	1.0	1.0	1.0	0.95	1.0	0.2	1.0	1.0	1.0	1.0	1.0	1.0	1.0	1.0	1.0	0.99	0.85	1.0	1.0	1.0
ERR668323.cleaned	0.86	1.0	1.0	1.0	1.0	1.0	1.0	1.0	1.0	1.0	0.32	1.0	1.0	1.0	1.0	1.0	0.94	1.0	1.0	0.83	1.0	1.0	1.0	0.97	0.76	1.0	1.0	1.0	0.08	1.0	1.0	1.0	1.0	0.99	1.0	1.0	1.0	1.0	0.99	0.85	1.0	1.0	1.0	0.94	0.87	0.93	0.88	0.94	0.96	0.94	0.95	0.94	1.0	0.97	0.96	0.98	0.61	1.0	0.97	0.92	1.0	0.95	0.92	0.97	0.97	1.0	1.0	1.0	1.0	1.0	1.0	1.0	1.0	0.97	1.0	1.0	1.0	1.0	1.0	1.0	1.0	1.0	1.0	1.0	1.0	1.0	0.99	1.0	1.0	1.0	1.0	1.0	1.0	1.0	1.0	1.0	1.0	1.0	1.0	0.0	1.0	1.0	0.1	1.0	1.0	1.0	1.0	1.0	1.0	1.0	1.0	1.0	1.0	1.0	1.0	1.0	1.0	1.0	0.16	0.1	1.0	1.0	1.0	1.0	1.0	1.0	1.0	1.0	1.0	1.0	1.0	1.0	1.0	1.0	1.0	1.0	1.0	1.0	1.0	1.0	1.0	1.0	1.0	1.0	1.0	1.0	1.0	1.0	1.0	1.0	1.0	1.0	0.97	1.0	1.0	1.0	1.0	1.0	1.0	1.0	1.0	1.0	1.0	1.0	1.0	1.0	1.0	1.0	1.0	1.0	1.0	1.0	1.0	1.0	1.0	1.0	1.0	1.0	1.0	1.0	1.0	1.0	0.98	1.0	1.0	0.97	1.0	0.21	1.0	1.0	1.0	1.0	1.0	1.0	1.0	1.0	1.0	1.0	0.94	1.0	1.0	-1
ERR668324.cleaned	1.0	1.0	1.0	1.0	1.0	1.0	0.96	1.0	0.95	1.0	0.16	1.0	1.0	1.0	1.0	1.0	1.0	1.0	1.0	1.0	1.0	1.0	1.0	0.89	0.8	1.0	1.0	1.0	0.17	1.0	1.0	1.0	1.0	1.0	0.99	1.0	1.0	0.98	0.99	0.88	1.0	0.99	1.0	0.99	0.9	0.96	0.91	0.96	0.98	0.98	0.99	0.92	0.98	0.99	0.99	0.97	0.76	0.95	0.98	0.98	0.98	0.98	0.95	0.98	1.0	1.0	0.99	1.0	0.96	1.0	1.0	1.0	1.0	1.0	1.0	1.0	1.0	1.0	1.0	1.0	1.0	1.0	1.0	1.0	0.98	1.0	1.0	1.0	1.0	1.0	1.0	1.0	1.0	0.82	1.0	1.0	1.0	1.0	1.0	0.06	1.0	1.0	0.17	1.0	1.0	1.0	1.0	1.0	1.0	1.0	1.0	1.0	1.0	1.0	1.0	1.0	1.0	1.0	0.16	0.07	1.0	1.0	1.0	1.0	1.0	1.0	1.0	1.0	1.0	1.0	1.0	1.0	0.96	1.0	1.0	1.0	1.0	1.0	1.0	1.0	1.0	1.0	1.0	1.0	1.0	1.0	1.0	1.0	1.0	1.0	1.0	1.0	1.0	1.0	1.0	1.0	1.0	1.0	1.0	1.0	1.0	1.0	1.0	1.0	1.0	1.0	1.0	1.0	1.0	1.0	1.0	1.0	1.0	1.0	1.0	1.0	1.0	1.0	1.0	1.0	1.0	1.0	1.0	1.0	1.0	0.94	1.0	0.14	1.0	1.0	1.0	1.0	1.0	1.0	1.0	1.0	1.0	1.0	1.0	1.0	1.0	1.0
ERR668325.cleaned	1.0	1.0	1.0	1.0	1.0	1.0	1.0	1.0	0.88	1.0	0.48	1.0	1.0	1.0	0.77	1.0	1.0	1.0	1.0	1.0	1.0	1.0	1.0	0.98	0.73	1.0	1.0	1.0	0.37	1.0	1.0	1.0	1.0	1.0	1.0	1.0	1.0	1.0	1.0	0.83	1.0	0.98	1.0	1.0	0.9	0.98	0.93	1.0	0.96	1.0	0.98	0.82	1.0	0.97	0.95	0.94	0.72	0.97	1.0	0.94	1.0	0.94	0.94	0.88	1.0	0.97	1.0	1.0	0.81	0.97	1.0	1.0	1.0	0.89	1.0	1.0	1.0	1.0	1.0	1.0	1.0	1.0	1.0	1.0	-1	1.0	1.0	1.0	1.0	1.0	1.0	1.0	1.0	1.0	1.0	1.0	1.0	1.0	1.0	0.38	1.0	1.0	0.47	1.0	1.0	1.0	1.0	1.0	1.0	1.0	1.0	1.0	1.0	1.0	1.0	1.0	1.0	1.0	0.51	0.5	1.0	1.0	1.0	1.0	1.0	1.0	0.96	0.94	1.0	1.0	1.0	1.0	0.67	1.0	1.0	1.0	1.0	1.0	1.0	1.0	1.0	1.0	1.0	1.0	1.0	1.0	1.0	1.0	1.0	1.0	1.0	1.0	1.0	1.0	1.0	1.0	1.0	1.0	1.0	1.0	1.0	1.0	1.0	1.0	1.0	1.0	1.0	1.0	1.0	1.0	1.0	1.0	1.0	1.0	1.0	1.0	1.0	1.0	1.0	1.0	1.0	1.0	1.0	1.0	1.0	1.0	1.0	0.44	1.0	1.0	1.0	0.7	1.0	1.0	1.0	1.0	1.0	1.0	1.0	1.0	-1	-1
ERR668326.cleaned	1.0	1.0	1.0	1.0	0.84	1.0	1.0	1.0	1.0	1.0	0.26	1.0	1.0	1.0	1.0	1.0	1.0	1.0	1.0	1.0	1.0	1.0	1.0	1.0	0.83	1.0	1.0	1.0	0.25	1.0	1.0	0.99	1.0	1.0	0.98	1.0	0.99	1.0	0.98	0.97	0.99	0.98	1.0	0.99	0.94	0.97	0.94	0.96	0.95	0.98	0.98	0.9	0.99	0.99	0.96	0.95	0.78	0.99	0.98	0.97	1.0	0.98	0.97	0.99	0.99	1.0	1.0	1.0	0.84	1.0	1.0	1.0	1.0	1.0	1.0	1.0	1.0	1.0	1.0	1.0	1.0	1.0	1.0	1.0	1.0	1.0	1.0	1.0	1.0	1.0	1.0	1.0	1.0	0.91	1.0	1.0	1.0	1.0	1.0	0.2	0.89	1.0	0.27	1.0	1.0	1.0	1.0	1.0	1.0	1.0	1.0	1.0	1.0	1.0	1.0	1.0	1.0	1.0	0.27	0.21	1.0	0.89	1.0	1.0	1.0	1.0	1.0	1.0	1.0	1.0	1.0	1.0	0.82	1.0	1.0	1.0	1.0	1.0	1.0	1.0	1.0	1.0	1.0	1.0	1.0	1.0	1.0	1.0	1.0	1.0	1.0	1.0	1.0	1.0	1.0	1.0	1.0	1.0	1.0	1.0	1.0	1.0	1.0	1.0	1.0	1.0	1.0	1.0	1.0	1.0	1.0	1.0	1.0	1.0	1.0	1.0	1.0	1.0	1.0	1.0	1.0	1.0	1.0	0.89	1.0	1.0	1.0	0.26	1.0	1.0	1.0	1.0	1.0	1.0	1.0	1.0	1.0	1.0	1.0	1.0	1.0	1.0
ERR668327.cleaned	1.0	1.0	1.0	1.0	1.0	1.0	0.95	1.0	1.0	1.0	0.36	1.0	1.0	1.0	1.0	1.0	1.0	1.0	1.0	1.0	1.0	1.0	1.0	0.94	0.89	1.0	1.0	1.0	0.25	1.0	1.0	0.98	0.98	1.0	0.98	1.0	0.99	1.0	0.98	0.94	1.0	0.99	1.0	0.99	0.92	0.99	0.89	1.0	0.98	0.99	0.95	0.9	0.94	0.98	0.96	0.95	0.57	0.94	1.0	0.93	0.96	0.92	0.95	0.94	0.97	0.97	0.99	1.0	1.0	1.0	1.0	1.0	1.0	1.0	1.0	1.0	1.0	1.0	1.0	1.0	1.0	1.0	1.0	0.96	1.0	1.0	1.0	1.0	1.0	1.0	1.0	1.0	1.0	0.92	1.0	1.0	1.0	0.91	1.0	0.03	1.0	1.0	0.27	1.0	1.0	1.0	1.0	1.0	1.0	1.0	1.0	1.0	1.0	1.0	1.0	1.0	1.0	1.0	0.28	0.08	1.0	1.0	1.0	1.0	1.0	1.0	1.0	1.0	1.0	1.0	1.0	1.0	1.0	1.0	1.0	1.0	1.0	1.0	1.0	1.0	1.0	1.0	1.0	0.88	1.0	1.0	1.0	1.0	1.0	1.0	1.0	1.0	1.0	1.0	1.0	1.0	1.0	1.0	1.0	1.0	1.0	1.0	1.0	1.0	1.0	1.0	1.0	1.0	1.0	1.0	1.0	1.0	1.0	1.0	1.0	1.0	1.0	1.0	1.0	0.99	1.0	1.0	1.0	1.0	1.0	0.91	1.0	0.34	1.0	1.0	1.0	1.0	1.0	1.0	1.0	1.0	1.0	1.0	1.0	1.0	1.0	1.0
ERR694694.cleaned	1.0	1.0	1.0	1.0	1.0	1.0	0.99	1.0	1.0	1.0	1.0	1.0	1.0	1.0	1.0	1.0	1.0	1.0	1.0	1.0	1.0	1.0	1.0	0.95	0.79	1.0	1.0	1.0	1.0	1.0	1.0	0.99	0.99	1.0	0.99	1.0	0.99	0.99	0.99	0.92	1.0	0.96	0.99	0.99	0.88	0.96	0.9	0.96	0.96	0.98	0.97	0.98	0.97	0.99	0.98	0.97	0.73	0.97	0.98	0.94	0.99	0.96	0.96	0.97	0.98	0.99	0.99	1.0	0.87	1.0	1.0	1.0	1.0	1.0	1.0	1.0	1.0	1.0	1.0	1.0	1.0	1.0	1.0	1.0	1.0	1.0	1.0	1.0	1.0	1.0	1.0	1.0	1.0	1.0	1.0	1.0	1.0	1.0	0.61	1.0	1.0	1.0	1.0	1.0	1.0	1.0	1.0	1.0	1.0	1.0	1.0	0.99	0.95	1.0	1.0	1.0	1.0	0.99	1.0	1.0	1.0	1.0	1.0	1.0	1.0	1.0	1.0	1.0	1.0	1.0	1.0	1.0	1.0	1.0	1.0	1.0	1.0	1.0	1.0	1.0	1.0	1.0	1.0	1.0	1.0	1.0	1.0	1.0	1.0	1.0	1.0	1.0	1.0	0.99	1.0	1.0	1.0	1.0	1.0	1.0	1.0	1.0	1.0	0.52	1.0	1.0	1.0	1.0	1.0	1.0	1.0	0.94	1.0	1.0	1.0	0.98	1.0	1.0	1.0	0.99	1.0	1.0	1.0	1.0	1.0	0.99	1.0	1.0	1.0	1.0	1.0	1.0	1.0	1.0	1.0	1.0	1.0	0.99	1.0	1.0	1.0	1.0
ERR694695.cleaned	1.0	1.0	1.0	1.0	1.0	0.99	0.99	1.0	1.0	1.0	0.68	1.0	1.0	1.0	1.0	1.0	1.0	0.99	1.0	1.0	0.97	1.0	1.0	0.98	0.86	1.0	1.0	1.0	0.57	1.0	1.0	1.0	1.0	1.0	1.0	1.0	0.99	1.0	1.0	0.88	1.0	0.97	1.0	0.98	0.85	0.97	0.87	0.97	0.99	0.98	0.97	0.97	0.98	0.99	0.98	0.99	0.76	0.99	0.98	0.99	0.98	0.93	0.95	0.97	1.0	1.0	1.0	1.0	0.94	1.0	1.0	1.0	1.0	1.0	1.0	1.0	1.0	1.0	1.0	1.0	1.0	1.0	1.0	1.0	1.0	1.0	1.0	1.0	1.0	1.0	1.0	1.0	1.0	0.99	1.0	1.0	1.0	1.0	0.8	0.49	1.0	1.0	0.62	1.0	1.0	1.0	1.0	1.0	1.0	1.0	1.0	1.0	1.0	0.99	1.0	1.0	1.0	1.0	0.61	0.66	1.0	0.99	1.0	1.0	0.99	1.0	1.0	1.0	1.0	1.0	1.0	1.0	1.0	1.0	1.0	1.0	1.0	1.0	1.0	1.0	1.0	1.0	0.99	1.0	1.0	1.0	1.0	1.0	1.0	1.0	0.99	1.0	1.0	1.0	1.0	1.0	1.0	1.0	1.0	1.0	0.99	1.0	1.0	0.78	1.0	1.0	1.0	1.0	0.96	1.0	1.0	1.0	0.99	0.99	1.0	1.0	1.0	1.0	1.0	1.0	1.0	1.0	1.0	0.99	1.0	0.99	1.0	0.62	1.0	1.0	1.0	1.0	0.99	1.0	1.0	1.0	1.0	1.0	1.0	0.98	0.99	1.0
ERR694696.cleaned	1.0	1.0	1.0	1.0	1.0	1.0	1.0	1.0	1.0	1.0	0.64	1.0	1.0	1.0	1.0	1.0	1.0	1.0	1.0	1.0	1.0	1.0	1.0	0.93	0.87	1.0	1.0	1.0	0.55	1.0	1.0	1.0	0.95	1.0	1.0	1.0	1.0	1.0	1.0	0.96	1.0	1.0	1.0	0.99	0.97	0.99	0.97	0.99	0.99	1.0	1.0	0.99	1.0	1.0	1.0	1.0	0.9	1.0	0.99	0.99	1.0	0.95	0.96	0.96	1.0	1.0	1.0	0.98	0.98	1.0	1.0	0.98	1.0	1.0	1.0	1.0	1.0	1.0	1.0	1.0	1.0	1.0	1.0	1.0	-1	1.0	1.0	1.0	1.0	1.0	0.98	1.0	1.0	1.0	1.0	1.0	1.0	1.0	0.89	0.52	1.0	1.0	0.51	1.0	1.0	1.0	-1	-1	-1	-1	-1	-1	-1	-1	-1	-1	-1	-1	-1	-1	-1	-1	-1	-1	-1	-1	-1	-1	1.0	1.0	1.0	1.0	1.0	1.0	1.0	1.0	1.0	1.0	0.98	1.0	1.0	1.0	1.0	0.98	1.0	1.0	1.0	1.0	1.0	1.0	1.0	1.0	1.0	1.0	1.0	1.0	1.0	1.0	1.0	1.0	0.98	1.0	1.0	0.75	1.0	1.0	1.0	1.0	1.0	1.0	1.0	1.0	1.0	1.0	1.0	1.0	1.0	1.0	1.0	1.0	1.0	1.0	1.0	1.0	1.0	1.0	1.0	0.48	1.0	1.0	1.0	1.0	1.0	1.0	1.0	1.0	1.0	1.0	1.0	1.0	1.0	1.0
ERR694697.cleaned	1.0	1.0	1.0	1.0	1.0	1.0	1.0	1.0	1.0	1.0	0.56	1.0	1.0	1.0	1.0	1.0	1.0	1.0	0.98	1.0	1.0	0.98	1.0	0.95	0.85	1.0	1.0	1.0	0.48	1.0	1.0	0.98	0.97	1.0	1.0	0.99	0.99	0.99	0.99	0.91	1.0	0.99	1.0	0.99	0.86	0.98	0.86	0.99	0.98	0.99	0.97	0.94	0.98	0.99	0.95	0.98	0.72	1.0	0.97	0.98	0.99	0.95	0.97	0.97	0.97	0.99	1.0	1.0	0.97	1.0	1.0	0.99	1.0	1.0	1.0	1.0	1.0	1.0	1.0	1.0	1.0	1.0	1.0	1.0	0.92	1.0	1.0	1.0	1.0	1.0	1.0	1.0	1.0	1.0	1.0	1.0	1.0	0.99	0.86	0.51	1.0	1.0	0.53	1.0	1.0	1.0	1.0	1.0	1.0	1.0	1.0	1.0	1.0	1.0	1.0	1.0	1.0	1.0	0.53	0.52	0.99	1.0	1.0	1.0	1.0	1.0	1.0	1.0	1.0	1.0	1.0	1.0	1.0	1.0	1.0	1.0	1.0	1.0	1.0	1.0	1.0	1.0	1.0	1.0	1.0	1.0	1.0	0.98	1.0	1.0	1.0	1.0	1.0	1.0	0.99	1.0	1.0	1.0	1.0	0.99	1.0	1.0	1.0	0.74	1.0	1.0	1.0	1.0	1.0	1.0	1.0	0.95	1.0	1.0	1.0	1.0	1.0	1.0	1.0	1.0	1.0	1.0	1.0	1.0	1.0	1.0	1.0	0.49	1.0	1.0	1.0	1.0	1.0	1.0	1.0	1.0	1.0	1.0	1.0	1.0	1.0	1.0
ERR694698.cleaned	1.0	1.0	1.0	1.0	1.0	1.0	1.0	1.0	1.0	1.0	1.0	1.0	1.0	1.0	-1	-1	-1	-1	-1	-1	-1	-1	-1	-1	-1	-1	-1	-1	-1	-1	-1	-1	-1	-1	-1	-1	1.0	1.0	1.0	0.12	1.0	0.37	1.0	1.0	0.83	0.95	0.74	0.95	1.0	0.87	0.91	1.0	0.96	1.0	0.96	1.0	0.21	0.71	0.93	1.0	0.75	0.92	0.92	0.92	1.0	1.0	-1	-1	-1	-1	-1	-1	-1	-1	-1	-1	-1	-1	-1	-1	-1	-1	-1	-1	-1	-1	-1	-1	-1	-1	-1	-1	-1	-1	-1	-1	-1	-1	-1	-1	-1	-1	-1	-1	-1	-1	-1	-1	-1	-1	-1	-1	-1	-1	-1	-1	-1	-1	-1	-1	-1	-1	-1	-1	-1	-1	-1	-1	-1	-1	-1	-1	-1	-1	-1	-1	-1	-1	-1	-1	-1	-1	-1	-1	-1	-1	-1	-1	-1	-1	-1	-1	-1	-1	-1	-1	-1	-1	-1	-1	-1	-1	-1	-1	-1	-1	-1	-1	-1	-1	-1	1.0	1.0	1.0	1.0	1.0	1.0	1.0	1.0	1.0	1.0	1.0	1.0	1.0	1.0	1.0	1.0	1.0	1.0	1.0	1.0	-1	-1	-1	-1	-1	-1	-1	-1	-1	-1	-1
ERR694699.cleaned	1.0	1.0	1.0	0.98	1.0	1.0	1.0	1.0	1.0	1.0	1.0	1.0	1.0	1.0	-1	-1	-1	-1	-1	-1	-1	-1	-1	-1	-1	-1	-1	-1	-1	-1	-1	-1	-1	-1	-1	-1	-1	-1	-1	-1	-1	0.92	1.0	1.0	0.67	0.87	0.5	0.93	1.0	0.75	0.93	1.0	0.88	1.0	0.94	0.87	0.07	0.92	0.92	1.0	1.0	-1	-1	-1	-1	-1	-1	-1	-1	-1	-1	-1	-1	-1	-1	-1	-1	-1	-1	-1	-1	-1	-1	-1	-1	-1	-1	-1	-1	-1	-1	-1	-1	-1	-1	-1	-1	-1	-1	-1	-1	-1	-1	-1	-1	-1	-1	-1	-1	-1	-1	-1	-1	-1	-1	-1	-1	-1	-1	-1	-1	-1	-1	-1	-1	-1	-1	-1	-1	-1	-1	-1	-1	-1	-1	-1	-1	-1	-1	-1	-1	-1	-1	-1	-1	-1	-1	-1	-1	-1	-1	-1	-1	-1	-1	-1	-1	-1	-1	-1	-1	-1	-1	-1	-1	-1	-1	-1	-1	-1	-1	-1	-1	-1	1.0	1.0	1.0	-1	-1	-1	1.0	1.0	1.0	1.0	1.0	1.0	1.0	1.0	1.0	1.0	1.0	-1	-1	-1	-1	-1	-1	-1	-1	-1	-1	-1
ERR694700.cleaned	-1	-1	-1	-1	-1	-1	-1	-1	-1	-1	-1	-1	-1	-1	-1	-1	-1	-1	-1	-1	-1	-1	-1	-1	-1	-1	-1	-1	-1	-1	-1	-1	-1	-1	-1	-1	-1	-1	-1	-1	0.91	1.0	1.0	0.91	0.87	1.0	0.75	1.0	0.93	0.71	0.85	1.0	0.89	1.0	1.0	0.93	0.09	0.78	0.96	0.88	0.88	0.61	0.69	0.77	1.0	-1	-1	-1	-1	-1	-1	-1	-1	-1	-1	-1	-1	-1	-1	-1	-1	-1	-1	-1	-1	-1	-1	-1	-1	-1	-1	-1	-1	-1	-1	-1	-1	-1	-1	-1	-1	-1	-1	-1	-1	-1	-1	-1	-1	-1	-1	-1	-1	-1	-1	-1	-1	-1	-1	-1	-1	-1	-1	-1	-1	-1	-1	-1	-1	-1	-1	-1	-1	-1	-1	-1	-1	-1	-1	-1	-1	-1	-1	-1	-1	-1	-1	-1	-1	-1	-1	-1	-1	-1	-1	-1	-1	-1	-1	-1	-1	-1	-1	-1	-1	-1	-1	-1	-1	-1	-1	-1	-1	-1	-1	-1	-1	-1	-1	-1	-1	-1	-1	-1	-1	-1	-1	-1	-1	-1	-1	-1	-1	-1	-1	-1	-1	-1	-1	-1	-1	-1
ERR9436064.cleaned	1.0	1.0	1.0	1.0	1.0	1.0	0.96	1.0	1.0	1.0	1.0	1.0	1.0	1.0	1.0	0.96	1.0	1.0	1.0	1.0	1.0	1.0	1.0	0.96	0.85	1.0	1.0	1.0	1.0	1.0	1.0	0.99	0.99	1.0	1.0	1.0	1.0	0.97	1.0	0.82	1.0	0.95	0.98	0.98	0.91	0.98	0.92	0.98	0.98	0.98	0.97	0.97	0.98	0.98	0.97	0.97	0.69	0.99	0.98	0.98	0.99	0.93	0.95	0.94	0.96	1.0	1.0	1.0	0.86	1.0	1.0	1.0	1.0	1.0	1.0	1.0	1.0	1.0	1.0	1.0	1.0	1.0	1.0	1.0	1.0	1.0	1.0	1.0	1.0	1.0	1.0	1.0	1.0	1.0	1.0	1.0	1.0	1.0	1.0	1.0	1.0	1.0	1.0	1.0	1.0	1.0	1.0	1.0	1.0	1.0	0.99	1.0	1.0	1.0	1.0	1.0	1.0	1.0	1.0	1.0	0.94	1.0	0.95	1.0	1.0	1.0	1.0	1.0	1.0	1.0	1.0	1.0	0.95	1.0	1.0	1.0	1.0	1.0	1.0	1.0	1.0	1.0	1.0	1.0	1.0	0.94	1.0	1.0	1.0	1.0	1.0	1.0	1.0	1.0	1.0	1.0	1.0	1.0	1.0	1.0	1.0	1.0	1.0	0.34	1.0	1.0	1.0	1.0	0.89	1.0	1.0	1.0	1.0	1.0	1.0	0.95	1.0	1.0	1.0	1.0	1.0	1.0	1.0	1.0	1.0	0.95	1.0	1.0	1.0	1.0	1.0	1.0	0.93	1.0	1.0	1.0	1.0	0.88	1.0	1.0	1.0	1.0
ERR9439680.cleaned	1.0	1.0	1.0	1.0	1.0	1.0	1.0	0.96	1.0	1.0	1.0	1.0	1.0	1.0	1.0	1.0	1.0	1.0	1.0	1.0	1.0	1.0	1.0	0.9	0.83	1.0	1.0	1.0	1.0	1.0	0.99	0.98	0.98	1.0	1.0	1.0	1.0	0.97	0.99	0.77	1.0	0.95	1.0	1.0	0.87	0.94	0.86	0.95	0.99	0.99	0.97	0.99	0.96	0.98	0.97	0.98	0.63	1.0	0.97	0.94	0.99	0.94	0.95	0.92	0.96	0.98	0.99	1.0	1.0	1.0	1.0	1.0	1.0	1.0	1.0	1.0	1.0	1.0	1.0	1.0	1.0	1.0	1.0	1.0	1.0	1.0	1.0	1.0	1.0	1.0	1.0	1.0	1.0	1.0	1.0	1.0	1.0	1.0	1.0	1.0	1.0	1.0	1.0	1.0	1.0	1.0	1.0	1.0	1.0	1.0	1.0	1.0	1.0	1.0	1.0	1.0	1.0	1.0	1.0	1.0	1.0	1.0	1.0	1.0	1.0	1.0	1.0	1.0	1.0	1.0	1.0	1.0	1.0	1.0	1.0	1.0	1.0	1.0	1.0	1.0	1.0	1.0	1.0	1.0	1.0	1.0	1.0	1.0	1.0	1.0	1.0	1.0	1.0	1.0	1.0	1.0	1.0	1.0	1.0	1.0	1.0	1.0	1.0	0.03	1.0	1.0	1.0	1.0	0.82	1.0	1.0	1.0	1.0	1.0	1.0	0.96	1.0	1.0	1.0	1.0	1.0	1.0	1.0	1.0	1.0	1.0	0.96	1.0	1.0	1.0	1.0	1.0	1.0	1.0	1.0	1.0	1.0	1.0	1.0	1.0	1.0	1.0
ERR9452532.cleaned	1.0	1.0	1.0	1.0	1.0	1.0	1.0	1.0	1.0	1.0	1.0	1.0	1.0	1.0	1.0	1.0	1.0	1.0	1.0	1.0	1.0	1.0	1.0	0.92	0.8	1.0	1.0	1.0	1.0	1.0	1.0	0.98	0.98	1.0	0.98	1.0	0.99	0.96	0.98	0.82	1.0	0.94	0.98	0.97	0.92	0.94	0.85	0.96	0.98	0.98	0.97	0.99	0.97	0.99	0.98	0.97	0.67	0.97	0.97	0.93	0.99	0.95	0.95	0.9	0.97	1.0	0.99	1.0	1.0	1.0	1.0	1.0	1.0	1.0	1.0	1.0	1.0	1.0	1.0	1.0	1.0	1.0	1.0	1.0	1.0	0.89	0.89	1.0	1.0	1.0	1.0	1.0	1.0	1.0	1.0	1.0	1.0	1.0	0.94	1.0	1.0	1.0	1.0	1.0	1.0	1.0	1.0	1.0	1.0	1.0	1.0	1.0	1.0	1.0	1.0	1.0	1.0	1.0	1.0	1.0	1.0	1.0	1.0	1.0	1.0	1.0	1.0	1.0	1.0	1.0	1.0	1.0	1.0	1.0	1.0	1.0	1.0	1.0	1.0	1.0	1.0	1.0	1.0	1.0	1.0	1.0	1.0	1.0	1.0	1.0	1.0	1.0	1.0	1.0	1.0	1.0	1.0	1.0	1.0	1.0	1.0	1.0	1.0	0.26	1.0	1.0	1.0	1.0	0.89	1.0	1.0	1.0	1.0	1.0	1.0	0.83	1.0	1.0	1.0	1.0	1.0	1.0	1.0	1.0	1.0	1.0	1.0	1.0	1.0	1.0	1.0	1.0	1.0	1.0	1.0	1.0	1.0	0.99	1.0	1.0	1.0	1.0
ERR9452541.cleaned	1.0	1.0	1.0	1.0	1.0	1.0	1.0	1.0	1.0	1.0	1.0	1.0	1.0	1.0	1.0	1.0	1.0	1.0	1.0	1.0	1.0	1.0	1.0	1.0	0.79	1.0	1.0	1.0	1.0	1.0	1.0	0.95	0.95	1.0	1.0	1.0	0.99	0.97	1.0	0.79	1.0	0.94	1.0	1.0	0.83	0.92	0.85	0.95	0.96	0.99	0.96	1.0	0.96	1.0	0.96	0.97	0.63	0.96	0.97	0.91	0.99	0.9	0.9	0.91	1.0	0.97	0.99	1.0	0.96	1.0	1.0	1.0	1.0	1.0	1.0	1.0	1.0	1.0	1.0	1.0	1.0	1.0	1.0	1.0	1.0	0.96	0.96	1.0	1.0	1.0	1.0	1.0	1.0	1.0	1.0	1.0	1.0	1.0	1.0	1.0	1.0	1.0	1.0	1.0	1.0	1.0	1.0	1.0	1.0	1.0	1.0	1.0	1.0	1.0	1.0	1.0	1.0	1.0	1.0	1.0	0.96	1.0	1.0	1.0	1.0	1.0	1.0	1.0	1.0	1.0	1.0	1.0	1.0	1.0	1.0	1.0	1.0	1.0	1.0	1.0	1.0	1.0	1.0	1.0	1.0	1.0	1.0	1.0	1.0	1.0	1.0	1.0	1.0	1.0	1.0	1.0	1.0	1.0	1.0	1.0	1.0	1.0	1.0	0.21	1.0	1.0	1.0	1.0	0.9	1.0	1.0	1.0	1.0	1.0	1.0	0.91	1.0	1.0	1.0	1.0	1.0	1.0	1.0	1.0	1.0	1.0	1.0	1.0	1.0	1.0	1.0	1.0	1.0	1.0	1.0	1.0	1.0	0.95	1.0	1.0	1.0	1.0
ERR9452754.cleaned	1.0	1.0	1.0	1.0	1.0	1.0	1.0	1.0	1.0	1.0	1.0	1.0	1.0	1.0	1.0	1.0	1.0	1.0	1.0	1.0	1.0	1.0	1.0	1.0	0.77	1.0	1.0	1.0	1.0	1.0	1.0	1.0	1.0	1.0	0.98	1.0	1.0	0.98	0.98	0.8	1.0	0.93	0.98	0.97	0.84	0.93	0.87	0.93	0.91	0.96	0.92	0.97	0.96	1.0	0.95	0.94	0.57	0.91	0.94	0.89	0.97	0.95	0.95	0.96	0.97	0.95	0.98	1.0	0.74	1.0	1.0	1.0	1.0	1.0	1.0	1.0	1.0	1.0	0.94	1.0	1.0	1.0	1.0	1.0	1.0	1.0	1.0	1.0	1.0	1.0	1.0	1.0	1.0	1.0	1.0	1.0	1.0	1.0	1.0	1.0	1.0	1.0	1.0	1.0	1.0	1.0	1.0	1.0	1.0	1.0	1.0	1.0	1.0	1.0	1.0	1.0	1.0	1.0	1.0	1.0	1.0	1.0	1.0	1.0	1.0	1.0	1.0	1.0	1.0	1.0	1.0	1.0	0.73	1.0	1.0	1.0	1.0	1.0	1.0	1.0	1.0	1.0	1.0	1.0	1.0	1.0	1.0	1.0	1.0	1.0	1.0	1.0	1.0	1.0	1.0	1.0	1.0	1.0	1.0	1.0	1.0	1.0	1.0	0.31	1.0	1.0	1.0	1.0	0.93	1.0	1.0	1.0	1.0	1.0	1.0	0.95	1.0	1.0	1.0	1.0	1.0	1.0	1.0	1.0	1.0	1.0	1.0	1.0	1.0	1.0	1.0	1.0	1.0	1.0	1.0	1.0	1.0	1.0	1.0	1.0	1.0	1.0
ERR9453536.cleaned	1.0	1.0	1.0	1.0	1.0	0.99	1.0	1.0	1.0	1.0	1.0	1.0	1.0	1.0	1.0	1.0	1.0	1.0	0.71	1.0	1.0	1.0	1.0	0.9	0.82	1.0	1.0	1.0	1.0	1.0	1.0	0.98	0.96	1.0	0.99	1.0	0.99	0.98	0.99	0.82	1.0	0.94	1.0	0.99	0.8	0.96	0.81	0.96	0.97	0.98	0.97	0.98	0.98	0.98	0.99	0.96	0.7	0.98	0.96	0.96	0.99	0.95	0.95	0.88	0.98	1.0	1.0	1.0	1.0	1.0	1.0	1.0	1.0	1.0	1.0	1.0	1.0	1.0	1.0	1.0	1.0	1.0	1.0	0.99	1.0	1.0	1.0	1.0	1.0	1.0	1.0	1.0	1.0	1.0	1.0	1.0	1.0	1.0	0.9	1.0	1.0	1.0	1.0	1.0	1.0	1.0	1.0	1.0	1.0	1.0	0.99	1.0	1.0	1.0	1.0	1.0	1.0	1.0	1.0	1.0	1.0	1.0	1.0	1.0	1.0	1.0	1.0	1.0	1.0	1.0	1.0	1.0	1.0	1.0	1.0	1.0	1.0	1.0	1.0	1.0	1.0	1.0	1.0	1.0	1.0	1.0	1.0	1.0	0.9	1.0	1.0	1.0	1.0	1.0	1.0	1.0	1.0	1.0	1.0	1.0	1.0	1.0	1.0	0.19	1.0	1.0	1.0	1.0	0.87	1.0	1.0	1.0	1.0	1.0	1.0	1.0	1.0	1.0	1.0	1.0	1.0	1.0	1.0	1.0	1.0	1.0	1.0	1.0	1.0	1.0	1.0	1.0	1.0	1.0	1.0	1.0	0.75	0.95	1.0	1.0	0.96	1.0
ERR9468779.cleaned	-1	-1	-1	-1	-1	-1	-1	-1	-1	-1	-1	-1	-1	-1	-1	-1	-1	-1	-1	-1	-1	-1	-1	-1	-1	-1	-1	-1	-1	-1	1.0	0.0	0.0	1.0	0.99	0.97	1.0	0.93	0.96	0.06	0.96	0.99	0.97	0.99	0.51	1.0	0.64	0.95	0.92	0.95	0.93	0.99	0.89	0.99	0.89	0.89	0.1	0.86	0.95	0.87	1.0	0.76	0.7	0.77	0.93	0.93	0.98	-1	-1	-1	-1	-1	-1	-1	-1	-1	-1	-1	-1	-1	-1	-1	-1	-1	-1	-1	-1	-1	-1	-1	-1	-1	-1	-1	-1	-1	-1	-1	-1	-1	-1	-1	-1	-1	-1	-1	-1	-1	-1	-1	-1	-1	-1	-1	-1	-1	-1	-1	-1	-1	-1	-1	-1	-1	-1	-1	-1	-1	-1	-1	-1	-1	-1	-1	-1	-1	-1	-1	-1	-1	-1	-1	-1	-1	-1	-1	-1	-1	-1	-1	-1	-1	-1	-1	-1	-1	-1	-1	-1	-1	-1	-1	-1	-1	-1	-1	-1	-1	-1	-1	-1	-1	-1	-1	-1	-1	-1	-1	-1	-1	-1	-1	-1	-1	-1	-1	-1	-1	-1	-1	-1	-1	-1	-1	-1	-1	-1	-1	-1	-1	-1	-1
ERR9469322.cleaned	-1	-1	-1	-1	-1	-1	-1	-1	-1	-1	-1	-1	-1	-1	-1	-1	-1	-1	-1	-1	-1	-1	-1	-1	-1	-1	-1	-1	-1	-1	1.0	0.04	0.15	0.85	1.0	0.87	1.0	0.88	0.96	0.03	0.96	1.0	0.99	0.98	0.42	0.98	0.62	0.92	0.95	0.95	0.92	1.0	0.9	1.0	0.92	0.88	0.14	0.88	0.96	0.83	1.0	0.71	0.69	0.71	0.95	0.93	0.99	-1	-1	-1	-1	-1	-1	-1	-1	-1	-1	-1	-1	-1	-1	-1	-1	-1	-1	-1	-1	-1	-1	-1	-1	-1	-1	-1	-1	-1	-1	-1	-1	-1	-1	-1	-1	-1	-1	-1	-1	-1	-1	-1	-1	-1	-1	-1	-1	-1	-1	-1	-1	-1	-1	-1	-1	-1	-1	-1	-1	-1	-1	-1	-1	-1	-1	-1	-1	-1	-1	-1	-1	-1	-1	-1	-1	-1	-1	-1	-1	-1	-1	-1	-1	-1	-1	-1	-1	-1	-1	-1	-1	-1	-1	-1	-1	-1	-1	-1	-1	-1	-1	-1	-1	-1	-1	-1	-1	-1	-1	-1	-1	-1	-1	-1	-1	-1	-1	-1	-1	-1	-1	-1	-1	-1	-1	-1	-1	-1	-1	-1	-1	-1	-1	-1
SRR11456750.cleaned	1.0	1.0	0.7	0.97	1.0	1.0	0.91	1.0	1.0	1.0	1.0	1.0	1.0	1.0	1.0	1.0	1.0	0.86	1.0	1.0	1.0	1.0	1.0	0.94	0.81	1.0	1.0	1.0	1.0	1.0	0.88	0.97	0.97	1.0	0.98	1.0	0.99	0.97	0.99	0.77	0.99	0.92	1.0	1.0	0.84	0.96	0.82	0.96	0.98	0.98	0.99	0.97	0.97	0.99	0.99	0.97	0.65	0.99	0.98	0.96	0.97	0.92	0.91	0.91	0.99	1.0	0.99	1.0	0.59	0.91	1.0	1.0	1.0	1.0	0.9	1.0	1.0	0.99	1.0	1.0	1.0	1.0	1.0	1.0	1.0	1.0	1.0	0.93	1.0	1.0	1.0	1.0	0.96	1.0	1.0	0.98	1.0	1.0	1.0	0.6	1.0	0.86	1.0	1.0	1.0	1.0	1.0	1.0	1.0	0.97	1.0	1.0	1.0	1.0	1.0	1.0	0.7	1.0	1.0	1.0	0.73	1.0	1.0	0.95	1.0	1.0	1.0	1.0	1.0	0.99	1.0	1.0	1.0	0.99	0.89	0.98	1.0	1.0	1.0	1.0	1.0	1.0	1.0	1.0	1.0	1.0	1.0	0.94	1.0	1.0	1.0	1.0	1.0	1.0	1.0	1.0	1.0	1.0	1.0	1.0	1.0	1.0	0.88	0.84	1.0	0.99	0.86	0.95	1.0	1.0	1.0	1.0	1.0	1.0	0.66	1.0	1.0	0.9	0.93	1.0	1.0	0.72	0.94	1.0	1.0	0.95	1.0	1.0	1.0	1.0	1.0	1.0	1.0	1.0	1.0	0.83	1.0	1.0	1.0	1.0	1.0	1.0
SRR11456751.cleaned	1.0	1.0	0.88	0.99	1.0	0.87	0.87	1.0	1.0	1.0	1.0	1.0	1.0	1.0	1.0	1.0	1.0	0.85	1.0	1.0	1.0	1.0	1.0	0.75	0.82	1.0	1.0	1.0	1.0	1.0	1.0	0.98	0.98	1.0	0.98	1.0	0.99	0.99	0.98	0.85	1.0	0.97	1.0	0.97	0.87	0.97	0.88	0.97	0.95	0.97	0.97	0.98	0.96	0.98	0.95	0.98	0.67	0.97	0.98	0.94	0.98	0.97	0.96	0.96	0.99	1.0	0.98	1.0	0.64	0.87	1.0	0.93	1.0	1.0	0.95	1.0	1.0	1.0	1.0	1.0	1.0	1.0	0.94	1.0	1.0	1.0	1.0	0.99	1.0	1.0	1.0	1.0	1.0	1.0	1.0	0.98	1.0	0.95	1.0	0.56	1.0	0.81	1.0	1.0	1.0	1.0	1.0	1.0	1.0	0.94	1.0	1.0	1.0	1.0	1.0	1.0	0.68	1.0	1.0	1.0	0.7	1.0	1.0	0.97	1.0	1.0	1.0	1.0	1.0	1.0	0.85	1.0	1.0	0.98	1.0	1.0	1.0	1.0	1.0	1.0	1.0	1.0	1.0	1.0	1.0	1.0	0.99	0.89	1.0	1.0	1.0	1.0	1.0	1.0	1.0	1.0	1.0	1.0	1.0	1.0	1.0	1.0	1.0	0.9	1.0	0.99	0.87	0.96	1.0	1.0	1.0	1.0	0.82	1.0	0.62	1.0	1.0	0.94	0.93	1.0	1.0	0.86	0.99	1.0	0.85	0.85	1.0	1.0	1.0	1.0	1.0	1.0	1.0	1.0	1.0	0.87	1.0	1.0	1.0	1.0	1.0	1.0
SRR11456752.cleaned	1.0	1.0	0.79	0.97	1.0	1.0	1.0	1.0	1.0	1.0	1.0	1.0	1.0	1.0	1.0	1.0	1.0	0.78	1.0	1.0	1.0	1.0	1.0	0.95	0.84	1.0	1.0	1.0	1.0	1.0	1.0	0.99	0.99	1.0	0.99	0.99	0.99	1.0	0.99	0.87	0.99	0.95	1.0	1.0	0.85	0.96	0.81	0.96	0.96	0.98	0.95	0.99	0.96	0.99	0.98	0.97	0.66	0.97	0.97	0.93	0.98	0.93	0.93	0.95	0.98	0.99	1.0	1.0	0.82	1.0	1.0	0.86	1.0	1.0	1.0	1.0	1.0	1.0	1.0	1.0	1.0	1.0	1.0	1.0	1.0	1.0	1.0	0.99	1.0	1.0	1.0	1.0	1.0	1.0	1.0	0.95	1.0	0.92	1.0	0.42	1.0	0.84	1.0	1.0	1.0	1.0	1.0	1.0	1.0	1.0	1.0	1.0	1.0	1.0	1.0	1.0	0.77	1.0	1.0	1.0	0.76	1.0	1.0	0.88	1.0	1.0	1.0	1.0	1.0	1.0	1.0	1.0	1.0	0.96	1.0	1.0	1.0	1.0	1.0	1.0	1.0	1.0	1.0	1.0	1.0	1.0	0.95	1.0	1.0	0.97	1.0	1.0	1.0	1.0	1.0	1.0	1.0	1.0	1.0	1.0	1.0	1.0	1.0	0.95	0.99	0.91	0.81	0.92	1.0	1.0	1.0	1.0	1.0	1.0	0.79	1.0	1.0	0.98	0.92	1.0	1.0	0.74	0.97	1.0	1.0	1.0	1.0	1.0	1.0	1.0	1.0	1.0	1.0	1.0	1.0	0.77	1.0	1.0	1.0	1.0	1.0	1.0
SRR11456753.cleaned	1.0	1.0	0.86	1.0	1.0	1.0	1.0	1.0	1.0	1.0	1.0	1.0	1.0	1.0	1.0	1.0	1.0	0.84	1.0	1.0	1.0	1.0	1.0	0.79	0.83	1.0	1.0	1.0	1.0	1.0	1.0	0.99	0.99	1.0	0.99	1.0	0.99	0.97	0.98	0.79	1.0	0.95	1.0	1.0	0.86	0.98	0.88	0.98	0.97	0.97	0.95	0.98	0.99	1.0	0.99	0.98	0.66	0.98	0.97	0.9	0.98	0.96	0.96	0.94	0.99	1.0	0.98	1.0	0.96	0.99	1.0	1.0	1.0	1.0	1.0	1.0	1.0	1.0	1.0	1.0	1.0	1.0	1.0	1.0	1.0	1.0	1.0	1.0	1.0	1.0	1.0	1.0	1.0	1.0	1.0	1.0	1.0	0.9	1.0	0.12	1.0	0.98	1.0	1.0	1.0	1.0	1.0	1.0	0.91	1.0	1.0	0.94	1.0	1.0	0.99	1.0	0.97	1.0	1.0	0.93	0.95	1.0	1.0	0.91	1.0	1.0	1.0	1.0	1.0	1.0	1.0	1.0	1.0	1.0	1.0	1.0	1.0	1.0	1.0	1.0	1.0	1.0	1.0	1.0	1.0	1.0	1.0	1.0	1.0	0.98	1.0	1.0	1.0	1.0	1.0	1.0	1.0	1.0	1.0	1.0	1.0	1.0	1.0	1.0	1.0	1.0	0.88	1.0	1.0	1.0	1.0	1.0	1.0	1.0	0.98	1.0	1.0	0.92	0.94	1.0	1.0	0.81	1.0	1.0	1.0	1.0	1.0	1.0	1.0	1.0	1.0	1.0	1.0	1.0	1.0	0.82	1.0	1.0	1.0	1.0	1.0	1.0
SRR11456760.cleaned	1.0	1.0	0.8	0.99	1.0	0.81	0.8	1.0	1.0	1.0	1.0	1.0	1.0	1.0	1.0	1.0	1.0	0.86	1.0	1.0	1.0	1.0	1.0	0.73	0.89	1.0	1.0	1.0	1.0	1.0	1.0	0.99	0.99	1.0	0.99	1.0	0.99	0.99	0.97	0.79	1.0	0.97	1.0	0.96	0.85	0.95	0.87	0.95	0.97	0.98	0.97	1.0	0.97	0.99	0.95	0.99	0.64	0.99	0.98	0.94	0.98	0.95	0.92	0.94	0.99	1.0	0.99	1.0	0.68	1.0	1.0	1.0	1.0	1.0	1.0	1.0	1.0	1.0	1.0	1.0	1.0	1.0	1.0	1.0	1.0	1.0	1.0	0.99	1.0	1.0	1.0	1.0	1.0	1.0	1.0	0.93	1.0	0.89	1.0	0.37	1.0	0.74	1.0	1.0	1.0	1.0	1.0	1.0	1.0	1.0	1.0	1.0	1.0	1.0	1.0	1.0	0.74	1.0	1.0	1.0	0.75	1.0	1.0	1.0	1.0	1.0	1.0	1.0	1.0	1.0	0.74	1.0	1.0	1.0	1.0	0.99	1.0	1.0	1.0	1.0	1.0	1.0	1.0	1.0	1.0	1.0	0.91	1.0	1.0	1.0	1.0	1.0	1.0	1.0	1.0	1.0	1.0	1.0	1.0	1.0	1.0	1.0	1.0	0.9	1.0	0.94	0.78	1.0	1.0	1.0	1.0	1.0	0.76	1.0	0.79	1.0	1.0	0.9	1.0	1.0	1.0	0.8	0.99	1.0	0.79	0.79	1.0	1.0	1.0	1.0	1.0	1.0	1.0	1.0	1.0	0.81	1.0	1.0	1.0	1.0	1.0	1.0
SRR11456771.cleaned	-1	-1	-1	-1	-1	-1	-1	-1	-1	-1	-1	-1	-1	-1	-1	-1	-1	-1	-1	-1	-1	1.0	1.0	0.92	0.79	-1	-1	-1	-1	-1	-1	-1	-1	-1	-1	-1	-1	-1	-1	-1	-1	-1	-1	-1	-1	-1	-1	-1	-1	-1	-1	-1	-1	-1	-1	-1	-1	-1	-1	-1	-1	-1	-1	-1	-1	-1	-1	-1	-1	-1	-1	-1	-1	-1	-1	-1	-1	-1	-1	-1	-1	-1	-1	-1	-1	-1	-1	-1	-1	-1	-1	-1	-1	-1	-1	-1	-1	-1	-1	-1	-1	-1	-1	-1	-1	-1	-1	-1	-1	-1	-1	-1	-1	-1	-1	-1	-1	-1	-1	-1	-1	-1	-1	-1	-1	-1	-1	-1	-1	-1	-1	-1	-1	-1	-1	-1	-1	-1	-1	-1	-1	-1	-1	-1	-1	-1	-1	-1	-1	-1	-1	-1	-1	-1	-1	-1	-1	-1	-1	-1	-1	-1	-1	-1	-1	-1	-1	-1	-1	-1	-1	-1	-1	-1	-1	-1	-1	-1	-1	-1	-1	-1	-1	-1	-1	-1	-1	-1	-1	-1	-1	-1	-1	-1	-1	-1	-1	-1	-1	-1	-1	-1
SRR11456778.cleaned	1.0	1.0	0.84	1.0	1.0	1.0	1.0	1.0	1.0	1.0	1.0	1.0	1.0	1.0	1.0	1.0	1.0	0.9	1.0	1.0	1.0	0.99	1.0	0.92	0.81	1.0	1.0	1.0	1.0	1.0	1.0	0.99	0.99	1.0	0.99	0.99	0.99	0.99	0.99	0.84	1.0	0.97	1.0	0.99	0.88	0.97	0.87	0.97	0.97	0.99	0.96	0.99	0.95	0.99	0.97	0.99	0.66	0.98	0.98	0.96	0.99	0.94	0.9	0.93	0.99	0.99	0.98	1.0	0.82	0.96	1.0	0.95	1.0	1.0	1.0	1.0	1.0	0.98	1.0	1.0	1.0	1.0	1.0	1.0	1.0	1.0	1.0	0.93	1.0	1.0	0.92	1.0	1.0	1.0	1.0	1.0	1.0	0.93	1.0	0.44	1.0	0.83	1.0	1.0	1.0	1.0	1.0	1.0	1.0	0.98	1.0	1.0	1.0	0.97	1.0	1.0	0.8	1.0	1.0	1.0	0.76	1.0	1.0	0.93	1.0	1.0	1.0	1.0	1.0	1.0	1.0	1.0	1.0	1.0	1.0	1.0	1.0	1.0	1.0	1.0	1.0	1.0	1.0	1.0	1.0	1.0	0.99	1.0	1.0	0.97	1.0	1.0	1.0	1.0	1.0	1.0	1.0	1.0	1.0	1.0	1.0	1.0	1.0	0.88	1.0	1.0	0.84	0.93	1.0	1.0	1.0	1.0	1.0	1.0	0.8	1.0	1.0	0.99	0.95	1.0	0.99	0.79	1.0	1.0	1.0	1.0	1.0	1.0	1.0	1.0	1.0	1.0	1.0	1.0	1.0	0.87	1.0	1.0	1.0	1.0	1.0	1.0
SRR11456787.cleaned	1.0	1.0	0.58	1.0	1.0	1.0	1.0	1.0	1.0	1.0	1.0	1.0	1.0	1.0	1.0	1.0	1.0	0.8	1.0	1.0	1.0	1.0	1.0	0.94	0.89	1.0	1.0	1.0	1.0	1.0	1.0	1.0	1.0	1.0	0.99	1.0	0.99	0.99	0.99	0.9	0.96	0.99	1.0	0.99	0.86	0.97	0.9	0.98	0.99	0.96	0.96	0.99	0.97	0.98	0.98	0.98	0.76	0.97	0.98	0.96	0.99	0.96	0.97	0.97	0.99	0.99	0.99	1.0	0.75	0.87	1.0	0.99	1.0	1.0	1.0	1.0	1.0	0.97	1.0	1.0	0.98	1.0	1.0	1.0	1.0	1.0	1.0	0.82	1.0	1.0	1.0	1.0	1.0	1.0	1.0	1.0	1.0	0.89	0.96	0.34	1.0	0.94	1.0	1.0	1.0	1.0	1.0	1.0	1.0	1.0	1.0	1.0	1.0	0.98	1.0	1.0	0.75	1.0	1.0	1.0	0.81	1.0	1.0	0.99	1.0	1.0	1.0	1.0	1.0	1.0	1.0	1.0	1.0	1.0	0.99	0.95	1.0	1.0	1.0	1.0	1.0	1.0	1.0	1.0	1.0	1.0	0.93	1.0	1.0	1.0	1.0	1.0	1.0	1.0	1.0	1.0	1.0	1.0	1.0	1.0	1.0	1.0	1.0	1.0	1.0	1.0	0.95	0.99	1.0	1.0	1.0	1.0	1.0	1.0	0.67	1.0	1.0	0.99	0.99	1.0	1.0	0.63	1.0	1.0	1.0	1.0	1.0	1.0	1.0	1.0	1.0	1.0	1.0	1.0	1.0	0.82	1.0	1.0	1.0	1.0	1.0	1.0
SRR11456788.cleaned	1.0	1.0	0.81	0.96	1.0	1.0	1.0	1.0	1.0	1.0	1.0	1.0	1.0	1.0	1.0	1.0	1.0	0.95	1.0	1.0	1.0	1.0	1.0	0.87	0.85	1.0	1.0	1.0	1.0	1.0	1.0	0.99	0.99	1.0	0.99	1.0	1.0	1.0	0.97	0.83	1.0	0.91	1.0	0.97	0.89	0.95	0.82	0.95	0.99	0.99	0.97	0.99	0.99	0.98	0.97	0.99	0.64	0.97	0.98	0.94	0.97	0.94	0.94	0.96	1.0	1.0	0.96	1.0	0.78	0.96	1.0	1.0	1.0	1.0	0.98	1.0	1.0	1.0	1.0	1.0	1.0	1.0	1.0	1.0	1.0	1.0	1.0	0.86	1.0	1.0	1.0	1.0	1.0	1.0	1.0	0.93	1.0	0.88	1.0	0.27	1.0	0.84	1.0	1.0	1.0	1.0	1.0	1.0	1.0	1.0	1.0	1.0	1.0	0.93	1.0	1.0	0.77	1.0	1.0	1.0	0.8	1.0	1.0	1.0	1.0	1.0	1.0	1.0	1.0	1.0	1.0	1.0	1.0	1.0	1.0	1.0	1.0	1.0	1.0	1.0	1.0	1.0	1.0	1.0	1.0	1.0	0.93	1.0	1.0	1.0	1.0	1.0	1.0	1.0	1.0	1.0	1.0	1.0	1.0	1.0	1.0	1.0	1.0	0.95	1.0	0.96	0.86	1.0	1.0	1.0	1.0	1.0	1.0	1.0	0.77	1.0	1.0	0.98	1.0	1.0	1.0	0.85	0.95	1.0	1.0	1.0	1.0	1.0	1.0	1.0	1.0	1.0	1.0	1.0	1.0	0.96	1.0	1.0	1.0	1.0	1.0	1.0
SRR11456789.cleaned	1.0	1.0	0.71	1.0	1.0	1.0	1.0	1.0	1.0	1.0	1.0	1.0	1.0	1.0	1.0	1.0	1.0	0.95	1.0	1.0	1.0	1.0	1.0	0.89	0.86	1.0	1.0	1.0	1.0	1.0	1.0	0.99	0.99	1.0	0.99	1.0	0.99	1.0	0.96	0.78	1.0	0.95	1.0	0.99	0.79	0.96	0.74	0.98	0.97	0.99	0.96	0.96	0.98	0.99	0.96	0.98	0.57	0.95	0.97	0.91	0.99	0.9	0.9	0.88	0.99	1.0	0.98	1.0	0.69	0.86	1.0	1.0	1.0	1.0	1.0	1.0	1.0	0.99	1.0	1.0	1.0	1.0	1.0	1.0	1.0	1.0	1.0	0.94	1.0	1.0	1.0	1.0	1.0	1.0	1.0	0.77	1.0	0.93	0.97	0.25	1.0	0.89	1.0	1.0	1.0	1.0	1.0	1.0	1.0	0.86	1.0	1.0	1.0	0.96	1.0	1.0	0.81	1.0	1.0	0.95	0.79	1.0	1.0	1.0	1.0	1.0	1.0	1.0	1.0	1.0	1.0	1.0	1.0	0.89	0.97	1.0	1.0	1.0	1.0	1.0	1.0	1.0	1.0	1.0	1.0	1.0	0.93	0.98	1.0	1.0	1.0	1.0	1.0	1.0	1.0	1.0	1.0	1.0	1.0	1.0	1.0	1.0	0.99	1.0	1.0	0.75	0.9	1.0	1.0	1.0	0.95	1.0	1.0	1.0	0.79	1.0	1.0	0.98	1.0	1.0	1.0	0.73	1.0	1.0	1.0	1.0	1.0	1.0	1.0	1.0	1.0	1.0	1.0	1.0	1.0	0.95	1.0	1.0	1.0	1.0	1.0	1.0
SRR11456790.cleaned	1.0	1.0	0.55	0.92	1.0	1.0	1.0	1.0	1.0	1.0	1.0	1.0	1.0	1.0	0.99	1.0	1.0	0.75	1.0	1.0	1.0	1.0	1.0	0.91	0.85	1.0	1.0	1.0	1.0	1.0	1.0	1.0	1.0	1.0	0.99	1.0	0.99	0.98	0.99	0.89	0.99	0.95	1.0	0.99	0.91	0.98	0.88	0.98	1.0	0.98	0.95	0.99	0.96	1.0	0.97	0.99	0.71	0.98	0.97	0.95	0.97	0.95	0.95	0.96	0.99	0.98	0.98	0.98	0.84	0.96	1.0	1.0	1.0	1.0	1.0	1.0	1.0	0.95	1.0	1.0	1.0	1.0	1.0	1.0	0.99	1.0	1.0	0.83	1.0	1.0	1.0	1.0	1.0	1.0	1.0	0.93	1.0	0.98	1.0	0.19	1.0	0.98	1.0	1.0	1.0	1.0	1.0	1.0	1.0	0.99	1.0	1.0	1.0	0.95	1.0	1.0	0.88	1.0	1.0	1.0	0.86	1.0	1.0	1.0	1.0	1.0	1.0	1.0	1.0	1.0	1.0	1.0	1.0	1.0	1.0	0.95	1.0	1.0	1.0	1.0	1.0	1.0	1.0	1.0	1.0	1.0	0.99	0.99	1.0	0.82	1.0	1.0	1.0	1.0	1.0	1.0	1.0	1.0	1.0	1.0	1.0	1.0	1.0	0.9	1.0	0.89	0.97	1.0	1.0	1.0	1.0	1.0	1.0	1.0	0.85	1.0	1.0	0.96	1.0	1.0	1.0	0.56	0.96	1.0	1.0	1.0	1.0	1.0	1.0	1.0	1.0	0.99	1.0	1.0	1.0	0.79	1.0	1.0	1.0	1.0	1.0	1.0
SRR11456791.cleaned	1.0	1.0	0.89	1.0	1.0	1.0	1.0	1.0	1.0	1.0	1.0	1.0	1.0	1.0	1.0	1.0	1.0	0.91	1.0	1.0	1.0	1.0	1.0	0.97	0.9	1.0	1.0	1.0	1.0	1.0	1.0	0.99	0.99	1.0	0.99	1.0	0.98	0.98	0.99	0.85	1.0	0.97	1.0	1.0	0.85	0.98	0.88	0.99	0.98	0.99	0.96	0.98	0.95	0.98	0.98	0.96	0.66	0.95	0.98	0.92	0.98	0.95	0.97	0.94	0.98	0.98	0.98	1.0	0.68	0.87	1.0	1.0	1.0	1.0	1.0	1.0	1.0	1.0	1.0	1.0	1.0	1.0	1.0	1.0	1.0	1.0	1.0	1.0	1.0	1.0	1.0	1.0	1.0	1.0	1.0	1.0	1.0	0.95	1.0	0.47	1.0	0.86	1.0	1.0	1.0	1.0	0.99	1.0	1.0	0.95	1.0	1.0	1.0	1.0	1.0	1.0	0.66	0.99	1.0	1.0	0.71	1.0	1.0	1.0	1.0	1.0	1.0	1.0	1.0	1.0	1.0	1.0	1.0	1.0	1.0	1.0	1.0	1.0	1.0	1.0	1.0	1.0	1.0	1.0	1.0	1.0	0.98	1.0	0.98	0.85	1.0	1.0	1.0	1.0	1.0	1.0	1.0	1.0	1.0	1.0	1.0	1.0	1.0	0.84	0.88	1.0	0.85	1.0	1.0	1.0	1.0	1.0	1.0	1.0	0.68	1.0	1.0	1.0	1.0	1.0	1.0	0.87	1.0	1.0	1.0	1.0	1.0	1.0	1.0	1.0	1.0	1.0	1.0	1.0	1.0	0.88	1.0	1.0	1.0	1.0	1.0	1.0
SRR11456792.cleaned	1.0	1.0	0.66	1.0	1.0	1.0	1.0	1.0	1.0	1.0	1.0	1.0	1.0	1.0	1.0	1.0	1.0	0.8	1.0	1.0	1.0	1.0	1.0	0.86	0.84	1.0	1.0	1.0	1.0	1.0	1.0	1.0	1.0	1.0	0.99	1.0	0.99	0.99	0.97	0.86	1.0	0.97	1.0	0.99	0.89	0.96	0.89	0.97	0.96	0.97	0.97	0.98	0.98	0.99	0.95	0.97	0.73	0.98	0.97	0.95	0.98	0.98	0.98	0.98	0.98	1.0	0.99	1.0	0.78	0.89	1.0	1.0	1.0	1.0	1.0	1.0	1.0	1.0	1.0	1.0	1.0	1.0	1.0	1.0	1.0	1.0	1.0	0.91	1.0	1.0	1.0	1.0	1.0	1.0	1.0	1.0	1.0	0.94	1.0	0.33	1.0	0.95	1.0	1.0	1.0	1.0	1.0	1.0	1.0	0.98	1.0	1.0	1.0	0.89	1.0	1.0	0.81	1.0	1.0	1.0	0.77	1.0	1.0	1.0	1.0	1.0	1.0	1.0	1.0	1.0	1.0	1.0	1.0	1.0	1.0	0.93	1.0	0.96	1.0	1.0	0.97	1.0	1.0	1.0	1.0	1.0	1.0	1.0	1.0	0.92	1.0	1.0	1.0	1.0	1.0	1.0	1.0	1.0	1.0	1.0	1.0	1.0	1.0	0.97	1.0	1.0	0.98	1.0	1.0	1.0	1.0	1.0	1.0	1.0	0.77	1.0	1.0	0.95	1.0	1.0	1.0	0.64	1.0	1.0	1.0	1.0	1.0	1.0	1.0	1.0	1.0	1.0	1.0	1.0	1.0	0.8	1.0	1.0	1.0	1.0	1.0	1.0
SRR11456793.cleaned	1.0	1.0	0.73	1.0	1.0	1.0	1.0	0.99	1.0	1.0	1.0	1.0	1.0	1.0	1.0	1.0	1.0	0.76	1.0	1.0	1.0	0.99	1.0	0.94	0.84	1.0	1.0	1.0	1.0	1.0	1.0	1.0	1.0	1.0	1.0	1.0	1.0	0.98	0.97	0.86	1.0	0.95	1.0	1.0	0.88	0.96	0.87	0.96	0.94	0.97	0.96	0.96	0.98	0.99	0.97	0.98	0.61	0.97	0.96	0.95	0.99	0.93	0.94	0.94	0.98	1.0	0.97	1.0	0.51	0.9	1.0	1.0	1.0	1.0	1.0	1.0	1.0	0.94	1.0	1.0	1.0	1.0	1.0	1.0	1.0	1.0	1.0	0.97	1.0	1.0	1.0	1.0	1.0	1.0	1.0	1.0	1.0	0.93	1.0	0.56	1.0	0.68	1.0	1.0	1.0	1.0	1.0	1.0	0.99	0.98	1.0	1.0	1.0	1.0	1.0	1.0	0.52	1.0	1.0	1.0	0.58	1.0	1.0	0.97	1.0	1.0	1.0	1.0	1.0	1.0	1.0	1.0	1.0	1.0	1.0	0.9	1.0	1.0	1.0	1.0	1.0	1.0	1.0	1.0	1.0	1.0	1.0	0.96	1.0	1.0	1.0	1.0	1.0	1.0	1.0	1.0	1.0	1.0	1.0	1.0	1.0	1.0	1.0	0.99	1.0	1.0	0.72	0.97	1.0	1.0	1.0	1.0	1.0	1.0	0.49	0.99	1.0	0.9	0.97	1.0	1.0	0.79	1.0	1.0	1.0	1.0	0.99	1.0	1.0	1.0	1.0	1.0	1.0	1.0	1.0	0.81	1.0	1.0	1.0	1.0	1.0	1.0
SRR11456794.cleaned	1.0	1.0	0.89	1.0	1.0	1.0	1.0	1.0	1.0	1.0	1.0	1.0	1.0	0.95	1.0	1.0	1.0	0.93	1.0	1.0	1.0	1.0	1.0	0.94	0.82	1.0	1.0	1.0	1.0	1.0	1.0	1.0	1.0	1.0	0.99	1.0	1.0	0.98	0.99	0.88	1.0	0.95	1.0	0.98	0.94	0.97	0.92	0.97	0.98	0.98	0.97	0.99	0.99	0.99	0.98	0.98	0.74	0.97	0.98	0.92	0.98	0.98	0.97	0.99	1.0	0.99	0.99	1.0	0.5	0.85	1.0	0.99	1.0	1.0	1.0	1.0	1.0	1.0	1.0	1.0	1.0	1.0	1.0	1.0	1.0	1.0	1.0	0.95	1.0	1.0	1.0	0.94	1.0	1.0	1.0	0.96	1.0	0.95	1.0	0.64	1.0	0.89	1.0	1.0	1.0	1.0	1.0	1.0	1.0	0.92	1.0	1.0	1.0	0.96	1.0	1.0	0.5	1.0	1.0	1.0	0.51	1.0	1.0	0.97	1.0	1.0	1.0	1.0	1.0	1.0	1.0	1.0	1.0	1.0	1.0	1.0	1.0	1.0	1.0	1.0	1.0	1.0	1.0	1.0	1.0	0.94	1.0	0.95	1.0	1.0	1.0	1.0	1.0	1.0	0.98	1.0	1.0	1.0	1.0	1.0	1.0	1.0	1.0	1.0	1.0	0.96	0.86	0.96	1.0	1.0	1.0	1.0	1.0	1.0	0.54	1.0	1.0	0.97	0.95	1.0	1.0	0.89	1.0	1.0	1.0	1.0	1.0	1.0	1.0	1.0	0.94	1.0	1.0	1.0	1.0	0.91	1.0	1.0	1.0	1.0	1.0	1.0
SRR11456796.cleaned	1.0	1.0	0.84	0.96	1.0	1.0	1.0	1.0	1.0	1.0	1.0	1.0	1.0	1.0	1.0	1.0	1.0	0.94	1.0	1.0	1.0	1.0	1.0	0.9	0.8	1.0	1.0	1.0	1.0	1.0	1.0	1.0	1.0	1.0	0.98	1.0	0.99	0.98	0.98	0.88	0.98	0.96	1.0	0.99	0.9	0.96	0.88	0.96	0.98	0.99	0.97	0.99	0.98	0.98	0.96	0.96	0.71	0.98	0.98	0.94	1.0	0.95	0.95	0.98	0.98	0.99	0.99	1.0	0.64	0.81	1.0	1.0	1.0	1.0	1.0	1.0	1.0	0.97	1.0	1.0	1.0	1.0	1.0	1.0	1.0	1.0	1.0	0.95	1.0	1.0	1.0	1.0	1.0	1.0	1.0	1.0	1.0	0.94	1.0	0.43	1.0	0.89	1.0	1.0	1.0	1.0	1.0	1.0	1.0	0.97	1.0	0.97	1.0	0.99	1.0	1.0	0.72	1.0	1.0	0.92	0.72	1.0	1.0	1.0	1.0	1.0	1.0	1.0	1.0	1.0	1.0	1.0	1.0	1.0	1.0	0.96	1.0	1.0	1.0	1.0	0.99	1.0	1.0	1.0	1.0	1.0	0.91	1.0	1.0	0.97	1.0	1.0	1.0	1.0	1.0	1.0	1.0	1.0	1.0	1.0	1.0	1.0	1.0	0.95	0.96	1.0	0.9	1.0	1.0	1.0	1.0	1.0	1.0	1.0	0.76	1.0	1.0	0.97	1.0	1.0	1.0	0.83	0.96	1.0	1.0	1.0	1.0	1.0	1.0	1.0	1.0	1.0	1.0	1.0	1.0	0.92	1.0	1.0	1.0	1.0	1.0	1.0
SRR11456797.cleaned	1.0	1.0	0.44	1.0	1.0	1.0	1.0	1.0	0.98	1.0	1.0	1.0	1.0	1.0	1.0	1.0	1.0	0.62	1.0	1.0	1.0	1.0	1.0	0.97	0.87	1.0	1.0	1.0	1.0	1.0	1.0	0.99	0.97	1.0	0.98	0.99	0.99	1.0	0.97	0.83	1.0	0.94	1.0	0.99	0.83	0.96	0.81	0.96	0.96	0.99	0.98	0.99	0.98	0.99	0.97	0.99	0.68	0.98	0.98	0.93	0.99	0.9	0.89	0.92	0.99	0.97	1.0	1.0	0.85	0.93	1.0	0.99	1.0	1.0	0.95	1.0	1.0	0.94	1.0	1.0	1.0	1.0	1.0	1.0	1.0	1.0	1.0	0.78	1.0	1.0	0.8	1.0	1.0	1.0	1.0	0.93	1.0	0.98	1.0	0.28	1.0	0.97	1.0	1.0	1.0	1.0	1.0	1.0	1.0	0.98	1.0	1.0	1.0	0.97	1.0	1.0	0.9	1.0	1.0	1.0	0.9	1.0	1.0	0.93	1.0	1.0	1.0	1.0	1.0	1.0	1.0	1.0	0.94	0.97	1.0	0.98	1.0	1.0	1.0	1.0	0.98	1.0	1.0	1.0	1.0	1.0	0.95	0.96	1.0	0.8	1.0	1.0	1.0	1.0	0.92	1.0	1.0	1.0	1.0	1.0	1.0	1.0	1.0	0.97	1.0	0.98	0.92	0.99	1.0	0.99	1.0	1.0	1.0	1.0	0.88	1.0	1.0	0.92	0.99	1.0	1.0	0.44	1.0	1.0	1.0	1.0	1.0	1.0	1.0	1.0	1.0	1.0	1.0	1.0	1.0	0.64	1.0	1.0	1.0	1.0	1.0	1.0
SRR11456799.cleaned	1.0	1.0	0.82	1.0	1.0	1.0	1.0	1.0	1.0	0.89	1.0	1.0	1.0	1.0	1.0	1.0	1.0	0.87	1.0	1.0	1.0	1.0	1.0	0.84	0.8	1.0	1.0	1.0	1.0	1.0	1.0	0.99	0.99	1.0	0.96	1.0	0.98	0.98	0.96	0.86	1.0	0.94	1.0	0.97	0.89	0.95	0.86	0.95	0.98	0.97	0.92	0.98	0.95	1.0	0.91	0.98	0.62	0.97	0.98	0.92	0.99	0.93	0.94	0.97	0.99	0.99	1.0	1.0	0.83	0.92	1.0	0.96	1.0	1.0	1.0	1.0	1.0	1.0	0.94	1.0	1.0	1.0	1.0	1.0	1.0	1.0	1.0	1.0	1.0	1.0	0.99	1.0	1.0	1.0	1.0	0.95	1.0	0.89	1.0	0.51	1.0	0.98	1.0	1.0	1.0	1.0	1.0	1.0	1.0	1.0	1.0	1.0	1.0	1.0	1.0	1.0	0.83	1.0	1.0	1.0	0.83	1.0	1.0	0.87	1.0	1.0	1.0	1.0	1.0	1.0	1.0	1.0	1.0	0.94	1.0	1.0	1.0	0.99	1.0	1.0	1.0	1.0	1.0	1.0	1.0	1.0	0.94	1.0	1.0	0.93	1.0	1.0	1.0	1.0	1.0	1.0	1.0	1.0	1.0	1.0	1.0	1.0	1.0	0.9	1.0	0.97	0.97	0.86	1.0	1.0	1.0	1.0	1.0	1.0	0.8	1.0	1.0	0.93	0.87	1.0	1.0	0.84	1.0	1.0	1.0	1.0	1.0	1.0	1.0	1.0	1.0	1.0	1.0	1.0	1.0	0.86	1.0	1.0	1.0	1.0	1.0	1.0
SRR11456800.cleaned	1.0	1.0	0.55	1.0	1.0	1.0	1.0	1.0	1.0	1.0	1.0	1.0	1.0	1.0	1.0	1.0	1.0	0.96	1.0	1.0	1.0	0.94	1.0	0.98	0.9	1.0	1.0	1.0	1.0	1.0	1.0	0.99	0.99	1.0	0.97	1.0	0.99	1.0	0.96	0.78	0.98	0.93	1.0	0.97	0.75	0.93	0.76	0.96	0.97	0.96	0.94	0.97	0.94	0.98	0.94	0.97	0.54	0.95	0.96	0.95	0.98	0.94	0.9	0.93	0.97	0.99	0.99	1.0	0.71	0.85	1.0	0.88	1.0	1.0	1.0	1.0	1.0	1.0	1.0	1.0	1.0	1.0	1.0	1.0	1.0	1.0	1.0	0.66	1.0	1.0	1.0	1.0	0.88	1.0	1.0	1.0	1.0	1.0	1.0	0.45	1.0	0.87	1.0	1.0	1.0	1.0	1.0	1.0	1.0	0.86	1.0	1.0	1.0	0.62	1.0	1.0	0.79	1.0	1.0	1.0	0.75	1.0	1.0	0.89	1.0	1.0	1.0	1.0	1.0	1.0	1.0	1.0	1.0	1.0	1.0	1.0	1.0	1.0	1.0	1.0	1.0	1.0	1.0	1.0	1.0	1.0	0.98	1.0	1.0	1.0	1.0	1.0	1.0	1.0	1.0	1.0	0.71	1.0	1.0	1.0	1.0	1.0	1.0	1.0	1.0	1.0	0.85	0.92	1.0	1.0	1.0	1.0	1.0	1.0	0.73	1.0	1.0	0.92	0.87	1.0	1.0	0.55	1.0	1.0	1.0	1.0	1.0	1.0	1.0	1.0	1.0	1.0	1.0	1.0	1.0	0.92	1.0	1.0	1.0	1.0	1.0	1.0
SRR11456801.cleaned	1.0	1.0	0.92	0.98	1.0	1.0	1.0	1.0	1.0	1.0	1.0	1.0	1.0	1.0	1.0	1.0	1.0	0.95	1.0	1.0	1.0	1.0	1.0	1.0	0.78	1.0	1.0	1.0	1.0	1.0	1.0	0.98	0.98	1.0	0.98	1.0	0.99	0.98	0.94	0.81	1.0	0.92	1.0	0.98	0.77	0.92	0.78	0.92	0.97	0.98	0.97	0.98	0.98	0.97	0.94	0.99	0.59	0.97	0.98	0.92	0.99	0.92	0.9	0.93	0.98	0.98	0.97	0.97	0.63	0.91	1.0	1.0	1.0	1.0	0.97	1.0	1.0	1.0	1.0	1.0	1.0	1.0	1.0	1.0	0.99	1.0	1.0	0.94	1.0	1.0	1.0	1.0	1.0	1.0	1.0	0.95	1.0	1.0	1.0	0.44	1.0	0.77	1.0	1.0	1.0	1.0	1.0	1.0	1.0	0.93	1.0	1.0	1.0	1.0	1.0	1.0	0.59	1.0	1.0	1.0	0.59	1.0	1.0	1.0	1.0	1.0	1.0	1.0	1.0	1.0	1.0	1.0	0.99	1.0	0.96	1.0	1.0	1.0	1.0	1.0	1.0	1.0	1.0	1.0	1.0	1.0	1.0	1.0	1.0	1.0	1.0	1.0	1.0	1.0	1.0	1.0	1.0	1.0	1.0	1.0	1.0	1.0	1.0	0.9	0.98	0.94	0.83	1.0	1.0	1.0	1.0	0.99	1.0	1.0	0.63	1.0	1.0	0.95	1.0	1.0	1.0	0.87	0.97	1.0	1.0	1.0	1.0	1.0	1.0	1.0	1.0	1.0	1.0	1.0	1.0	0.95	1.0	1.0	1.0	1.0	1.0	1.0
SRR11456802.cleaned	1.0	1.0	0.52	0.9	1.0	1.0	1.0	1.0	1.0	1.0	1.0	1.0	1.0	1.0	1.0	1.0	1.0	0.84	1.0	1.0	1.0	0.93	1.0	0.96	0.82	1.0	1.0	1.0	1.0	1.0	1.0	0.98	0.98	1.0	0.98	0.99	0.98	1.0	0.98	0.81	1.0	0.96	1.0	0.97	0.84	0.96	0.85	0.96	0.98	0.98	0.97	0.97	0.97	0.99	0.98	0.97	0.74	0.96	0.98	0.96	0.99	0.95	0.93	0.95	0.98	0.99	0.96	1.0	0.81	0.9	1.0	1.0	1.0	1.0	0.97	1.0	1.0	1.0	1.0	1.0	1.0	1.0	1.0	1.0	1.0	1.0	1.0	0.75	1.0	1.0	1.0	1.0	1.0	1.0	1.0	1.0	1.0	0.98	1.0	0.28	1.0	0.92	1.0	1.0	1.0	1.0	1.0	1.0	1.0	0.96	1.0	1.0	1.0	0.97	1.0	1.0	0.78	1.0	1.0	1.0	0.8	1.0	1.0	0.94	1.0	1.0	1.0	1.0	1.0	1.0	1.0	1.0	1.0	1.0	0.98	1.0	1.0	1.0	1.0	1.0	1.0	1.0	1.0	1.0	1.0	1.0	0.97	0.97	1.0	1.0	1.0	1.0	1.0	1.0	1.0	1.0	1.0	1.0	1.0	1.0	1.0	1.0	1.0	0.92	1.0	1.0	0.87	0.96	1.0	1.0	1.0	1.0	1.0	1.0	0.76	1.0	1.0	0.94	0.95	1.0	1.0	0.53	0.91	1.0	1.0	1.0	1.0	1.0	1.0	1.0	1.0	1.0	1.0	1.0	1.0	0.84	1.0	1.0	1.0	1.0	1.0	1.0
SRR11456803.cleaned	1.0	1.0	0.87	0.92	1.0	1.0	1.0	1.0	0.98	1.0	1.0	1.0	1.0	1.0	1.0	1.0	1.0	0.98	1.0	1.0	1.0	1.0	1.0	0.94	0.81	1.0	1.0	1.0	1.0	1.0	1.0	1.0	1.0	1.0	0.98	1.0	1.0	0.99	0.96	0.87	0.99	0.97	1.0	0.99	0.91	0.99	0.94	0.99	0.96	0.98	0.96	0.97	0.97	0.99	0.96	0.97	0.71	0.97	0.98	0.91	1.0	0.96	0.96	0.97	1.0	0.99	0.99	1.0	0.81	0.81	1.0	0.94	1.0	1.0	0.99	1.0	1.0	1.0	0.97	1.0	1.0	1.0	1.0	1.0	1.0	1.0	1.0	0.89	1.0	1.0	0.95	1.0	1.0	1.0	1.0	0.97	1.0	0.95	0.89	0.52	1.0	0.96	1.0	1.0	1.0	1.0	1.0	1.0	1.0	0.87	1.0	1.0	1.0	1.0	1.0	1.0	0.79	0.87	1.0	1.0	0.8	1.0	1.0	0.9	1.0	1.0	1.0	1.0	1.0	1.0	1.0	1.0	1.0	0.91	1.0	0.94	1.0	1.0	1.0	1.0	1.0	1.0	1.0	1.0	1.0	1.0	1.0	0.96	1.0	1.0	1.0	1.0	1.0	1.0	1.0	1.0	1.0	1.0	1.0	1.0	1.0	1.0	1.0	0.82	1.0	1.0	0.98	0.89	1.0	1.0	1.0	1.0	1.0	1.0	0.81	1.0	1.0	0.98	0.89	1.0	1.0	0.88	0.92	1.0	1.0	1.0	1.0	1.0	1.0	1.0	1.0	1.0	1.0	1.0	1.0	0.97	1.0	1.0	1.0	1.0	1.0	1.0
SRR12340887.cleaned	-1	-1	-1	-1	-1	-1	-1	-1	-1	-1	-1	-1	-1	-1	-1	-1	-1	-1	-1	-1	-1	-1	-1	-1	-1	-1	-1	-1	-1	-1	-1	0.5	0.54	1.0	0.66	1.0	0.88	0.96	0.83	0.41	0.92	0.84	1.0	0.85	0.7	0.9	0.73	0.92	0.91	0.89	0.86	0.9	0.92	0.97	0.84	0.92	0.19	0.91	0.89	0.74	1.0	0.86	0.98	0.98	0.97	0.99	0.99	-1	-1	-1	-1	-1	-1	-1	-1	-1	-1	-1	-1	-1	-1	-1	-1	-1	-1	-1	-1	-1	-1	-1	-1	-1	-1	-1	-1	-1	-1	-1	-1	-1	-1	-1	-1	-1	-1	-1	-1	-1	-1	-1	-1	-1	-1	-1	-1	-1	-1	-1	-1	-1	-1	-1	-1	-1	-1	-1	-1	-1	-1	-1	-1	-1	-1	-1	-1	-1	-1	-1	-1	-1	-1	-1	-1	-1	-1	-1	-1	-1	-1	-1	-1	-1	-1	-1	-1	-1	-1	-1	-1	-1	-1	-1	-1	-1	-1	-1	-1	-1	-1	-1	-1	-1	-1	-1	-1	-1	-1	-1	-1	-1	-1	-1	-1	-1	-1	-1	-1	-1	-1	-1	-1	-1	-1	-1	-1	-1	-1	-1	-1	-1	-1	-1
SRR2132976.cleaned	-1	-1	-1	-1	-1	-1	-1	-1	-1	-1	-1	-1	-1	-1	-1	-1	-1	-1	-1	-1	-1	-1	-1	-1	-1	-1	-1	-1	-1	-1	-1	-1	-1	1.0	0.58	1.0	0.91	0.83	0.85	0.32	0.92	0.85	1.0	0.88	0.62	0.87	0.68	0.88	0.98	0.98	0.93	0.97	0.89	0.97	0.83	0.97	0.27	0.91	0.87	0.83	0.99	0.87	1.0	1.0	0.96	1.0	1.0	-1	-1	-1	-1	-1	-1	-1	-1	-1	-1	-1	-1	-1	-1	-1	-1	-1	-1	-1	-1	-1	-1	-1	-1	-1	-1	-1	-1	-1	-1	-1	-1	-1	-1	-1	-1	-1	-1	-1	-1	-1	-1	-1	-1	-1	-1	-1	-1	-1	-1	-1	-1	-1	-1	-1	-1	-1	-1	-1	-1	-1	-1	-1	-1	-1	-1	-1	-1	-1	-1	-1	-1	-1	-1	-1	-1	-1	-1	-1	-1	-1	-1	-1	-1	-1	-1	-1	-1	-1	-1	-1	-1	-1	-1	-1	-1	-1	-1	-1	-1	-1	-1	-1	-1	-1	-1	-1	-1	-1	-1	-1	-1	-1	-1	-1	-1	-1	-1	-1	-1	-1	-1	-1	-1	-1	-1	-1	-1	-1	-1	-1	-1	-1	-1	-1
SRR22548176.cleaned	1.0	1.0	0.99	1.0	1.0	1.0	1.0	1.0	1.0	1.0	0.99	1.0	1.0	0.99	1.0	0.83	1.0	1.0	1.0	1.0	1.0	1.0	1.0	0.94	0.78	1.0	1.0	1.0	1.0	0.88	0.96	0.97	0.96	1.0	0.97	1.0	1.0	1.0	0.98	0.93	0.99	0.96	1.0	0.99	0.6	0.95	0.88	0.95	0.98	0.98	0.97	0.98	0.96	0.98	0.96	0.99	0.76	0.99	0.98	0.95	1.0	0.95	0.98	0.99	0.97	0.99	1.0	0.75	0.69	1.0	1.0	1.0	1.0	1.0	1.0	1.0	1.0	0.99	1.0	1.0	1.0	1.0	0.99	1.0	0.99	1.0	1.0	1.0	1.0	1.0	1.0	1.0	1.0	1.0	1.0	1.0	1.0	0.99	0.88	1.0	1.0	1.0	1.0	1.0	1.0	1.0	1.0	1.0	1.0	1.0	0.92	1.0	1.0	1.0	0.99	1.0	1.0	1.0	1.0	0.99	0.8	1.0	1.0	1.0	1.0	1.0	1.0	1.0	1.0	1.0	1.0	1.0	1.0	1.0	0.99	1.0	1.0	1.0	1.0	0.87	1.0	1.0	1.0	1.0	1.0	1.0	1.0	1.0	0.84	1.0	1.0	1.0	1.0	1.0	1.0	1.0	1.0	0.99	1.0	1.0	1.0	1.0	1.0	0.89	0.99	1.0	1.0	1.0	1.0	1.0	1.0	0.93	1.0	1.0	1.0	0.99	1.0	1.0	1.0	1.0	1.0	1.0	1.0	1.0	1.0	1.0	1.0	1.0	1.0	1.0	0.99	1.0	0.83	1.0	1.0	1.0	1.0	1.0	1.0	1.0	0.79	1.0
SRR22548177.cleaned	1.0	1.0	1.0	1.0	1.0	1.0	1.0	0.99	1.0	1.0	1.0	1.0	1.0	0.9	1.0	0.83	1.0	1.0	1.0	1.0	1.0	1.0	1.0	1.0	0.86	1.0	1.0	0.99	1.0	0.74	1.0	0.98	0.98	1.0	0.98	1.0	0.99	0.99	0.98	0.9	0.99	0.95	1.0	0.99	0.68	0.94	0.86	0.93	0.94	0.95	0.98	0.98	0.93	0.97	0.94	0.96	0.64	0.98	0.98	0.93	1.0	0.92	0.95	0.96	0.93	0.95	0.97	0.72	0.86	1.0	1.0	1.0	1.0	1.0	1.0	1.0	1.0	0.99	1.0	1.0	0.91	1.0	1.0	1.0	0.98	1.0	1.0	1.0	1.0	1.0	1.0	1.0	1.0	1.0	1.0	1.0	1.0	1.0	0.71	0.93	1.0	0.99	1.0	1.0	0.99	0.81	1.0	1.0	1.0	1.0	1.0	1.0	1.0	1.0	1.0	1.0	1.0	1.0	1.0	1.0	0.8	1.0	0.99	1.0	1.0	1.0	1.0	1.0	1.0	0.99	0.99	1.0	1.0	1.0	1.0	1.0	1.0	1.0	1.0	0.99	0.99	1.0	1.0	1.0	0.93	1.0	1.0	1.0	0.89	1.0	1.0	1.0	1.0	1.0	1.0	1.0	1.0	0.99	1.0	1.0	1.0	1.0	1.0	0.91	0.98	1.0	1.0	1.0	1.0	0.85	0.99	1.0	1.0	1.0	1.0	0.94	1.0	1.0	1.0	1.0	1.0	1.0	1.0	1.0	1.0	1.0	0.99	1.0	1.0	1.0	0.89	0.99	0.84	1.0	1.0	1.0	1.0	1.0	1.0	1.0	1.0	0.99
SRR22548178.cleaned	1.0	1.0	1.0	1.0	1.0	1.0	1.0	1.0	1.0	1.0	1.0	1.0	1.0	1.0	1.0	1.0	1.0	1.0	1.0	1.0	1.0	0.99	1.0	1.0	0.89	1.0	1.0	1.0	1.0	0.99	1.0	0.99	0.99	1.0	0.97	1.0	0.99	0.98	0.97	0.87	0.99	0.97	0.97	0.95	0.93	0.97	0.9	0.95	0.96	0.96	0.98	0.99	0.98	0.97	0.97	0.99	0.69	0.97	0.98	0.92	0.99	0.94	0.97	1.0	0.98	0.96	0.99	1.0	1.0	1.0	1.0	1.0	1.0	1.0	1.0	1.0	1.0	1.0	1.0	1.0	1.0	1.0	1.0	1.0	1.0	1.0	1.0	1.0	1.0	1.0	1.0	1.0	0.99	1.0	0.82	1.0	1.0	1.0	0.0	1.0	1.0	1.0	1.0	1.0	1.0	1.0	1.0	1.0	1.0	0.99	1.0	1.0	1.0	1.0	1.0	1.0	1.0	1.0	1.0	1.0	1.0	1.0	1.0	1.0	1.0	1.0	1.0	1.0	1.0	1.0	1.0	1.0	1.0	1.0	1.0	1.0	1.0	1.0	1.0	1.0	1.0	1.0	1.0	1.0	1.0	1.0	1.0	1.0	1.0	1.0	1.0	1.0	1.0	1.0	1.0	1.0	1.0	1.0	1.0	1.0	1.0	1.0	1.0	0.0	0.98	1.0	1.0	1.0	1.0	1.0	1.0	1.0	1.0	1.0	1.0	1.0	1.0	1.0	1.0	1.0	1.0	1.0	1.0	1.0	1.0	1.0	1.0	1.0	1.0	1.0	1.0	1.0	1.0	1.0	1.0	1.0	1.0	1.0	1.0	1.0	0.99	1.0
SRR22548179.cleaned	-1	-1	-1	-1	-1	-1	-1	-1	-1	-1	-1	-1	-1	-1	-1	-1	-1	-1	-1	-1	-1	-1	-1	-1	-1	-1	-1	-1	-1	-1	-1	-1	-1	1.0	1.0	1.0	0.96	0.8	0.99	0.31	0.95	0.69	0.93	0.94	0.75	0.84	0.72	0.85	0.88	0.89	0.88	0.95	0.89	0.91	0.94	0.95	0.03	1.0	0.91	0.73	1.0	0.91	0.96	0.96	0.84	0.91	0.91	-1	-1	-1	-1	-1	-1	-1	-1	-1	-1	-1	-1	-1	-1	-1	-1	-1	-1	-1	-1	-1	-1	-1	-1	-1	-1	-1	-1	-1	-1	-1	-1	-1	-1	-1	-1	-1	-1	-1	-1	-1	-1	-1	-1	-1	-1	-1	-1	-1	-1	-1	-1	-1	-1	-1	-1	-1	-1	-1	-1	-1	-1	-1	-1	-1	-1	-1	-1	-1	-1	-1	-1	-1	-1	-1	-1	-1	-1	-1	-1	-1	-1	-1	-1	-1	-1	-1	-1	-1	-1	-1	-1	-1	-1	-1	-1	-1	-1	-1	-1	-1	-1	-1	-1	-1	-1	-1	-1	-1	-1	-1	-1	-1	-1	-1	-1	-1	-1	-1	-1	-1	-1	-1	-1	-1	-1	-1	-1	-1	-1	-1	-1	-1	-1	-1
SRR22548180.cleaned	-1	-1	-1	-1	-1	-1	-1	-1	-1	-1	-1	-1	-1	-1	-1	-1	-1	-1	-1	-1	-1	-1	-1	-1	-1	-1	-1	-1	-1	-1	-1	-1	-1	1.0	1.0	1.0	0.96	0.85	1.0	0.36	0.99	0.84	0.91	0.91	0.76	0.81	0.66	0.82	0.94	0.94	0.89	0.93	0.9	0.93	0.92	0.95	0.04	1.0	0.95	0.68	1.0	0.88	0.89	0.9	0.84	0.86	0.96	-1	-1	-1	-1	-1	-1	-1	-1	-1	-1	-1	-1	-1	-1	-1	-1	-1	-1	-1	-1	-1	-1	-1	-1	-1	-1	-1	-1	-1	-1	-1	-1	-1	-1	-1	-1	-1	-1	-1	-1	-1	-1	-1	-1	-1	-1	-1	-1	-1	-1	-1	-1	-1	-1	-1	-1	-1	-1	-1	-1	-1	-1	-1	-1	-1	-1	-1	-1	-1	-1	-1	-1	-1	-1	-1	-1	-1	-1	-1	-1	-1	-1	-1	-1	-1	-1	-1	-1	-1	-1	-1	-1	-1	-1	-1	-1	-1	-1	-1	-1	-1	-1	-1	-1	-1	-1	-1	-1	-1	-1	-1	-1	-1	-1	-1	-1	-1	-1	-1	-1	-1	-1	-1	-1	-1	-1	-1	-1	-1	-1	-1	-1	-1	-1	-1
SRR22548181.cleaned	1.0	1.0	-1	1.0	0.95	1.0	1.0	1.0	1.0	1.0	1.0	1.0	1.0	1.0	1.0	1.0	1.0	1.0	0.96	1.0	1.0	1.0	1.0	1.0	0.7	1.0	1.0	1.0	1.0	1.0	1.0	-1	0.82	1.0	1.0	1.0	0.96	0.89	1.0	0.34	0.91	0.78	0.91	0.92	0.76	0.86	0.7	0.87	0.94	0.94	0.88	0.96	0.88	0.9	0.91	0.94	0.06	1.0	0.93	0.7	1.0	0.89	0.93	0.93	0.87	0.89	0.92	1.0	1.0	1.0	-1	-1	1.0	1.0	1.0	1.0	0.85	1.0	1.0	1.0	1.0	1.0	1.0	0.0	-1	1.0	1.0	1.0	1.0	-1	-1	1.0	1.0	1.0	1.0	1.0	1.0	1.0	1.0	1.0	1.0	1.0	1.0	1.0	-1	-1	1.0	1.0	1.0	1.0	1.0	0.95	1.0	1.0	1.0	1.0	1.0	1.0	0.89	1.0	-1	1.0	1.0	1.0	1.0	-1	1.0	1.0	-1	-1	1.0	1.0	1.0	1.0	1.0	1.0	-1	-1	-1	1.0	-1	1.0	1.0	1.0	1.0	-1	1.0	1.0	1.0	1.0	1.0	1.0	1.0	1.0	1.0	1.0	1.0	1.0	-1	1.0	1.0	1.0	1.0	1.0	1.0	1.0	1.0	1.0	1.0	1.0	0.82	1.0	0.95	1.0	1.0	0.0	1.0	1.0	1.0	1.0	1.0	1.0	1.0	1.0	1.0	1.0	1.0	1.0	1.0	1.0	1.0	1.0	1.0	1.0	1.0	1.0	1.0	1.0	1.0	1.0	1.0	-1
SRR22548182.cleaned	-1	-1	-1	-1	-1	-1	-1	-1	-1	-1	-1	-1	-1	-1	-1	-1	-1	-1	-1	-1	-1	-1	-1	-1	-1	-1	-1	-1	-1	-1	-1	-1	-1	1.0	1.0	1.0	0.94	1.0	1.0	0.32	1.0	0.93	0.87	0.83	0.77	0.89	0.67	0.87	0.95	0.96	0.9	0.95	0.95	0.86	0.94	0.97	0.05	1.0	0.93	0.72	1.0	0.93	0.94	0.94	0.95	0.96	0.94	-1	-1	-1	-1	-1	-1	-1	-1	-1	-1	-1	-1	-1	-1	-1	-1	-1	-1	-1	-1	-1	-1	-1	-1	-1	-1	-1	-1	-1	-1	-1	-1	-1	-1	-1	-1	-1	-1	-1	-1	-1	-1	-1	-1	-1	-1	-1	-1	-1	-1	-1	-1	-1	-1	-1	-1	-1	-1	-1	-1	-1	-1	-1	-1	-1	-1	-1	-1	-1	-1	-1	-1	-1	-1	-1	-1	-1	-1	-1	-1	-1	-1	-1	-1	-1	-1	-1	-1	-1	-1	-1	-1	-1	-1	-1	-1	-1	-1	-1	-1	-1	-1	-1	-1	-1	-1	-1	-1	-1	-1	-1	-1	-1	-1	-1	-1	-1	-1	-1	-1	-1	-1	-1	-1	-1	-1	-1	-1	-1	-1	-1	-1	-1	-1	-1
SRR22548183.cleaned	-1	-1	-1	-1	-1	-1	-1	-1	-1	-1	-1	-1	-1	-1	-1	-1	-1	-1	-1	-1	-1	-1	-1	-1	-1	-1	-1	-1	-1	-1	-1	-1	-1	1.0	1.0	1.0	0.95	0.87	1.0	0.38	0.89	0.72	0.94	0.94	0.74	0.79	0.69	0.82	0.94	0.94	0.86	0.95	0.86	0.94	0.88	0.94	0.04	1.0	0.91	0.69	0.99	0.89	0.94	0.94	0.84	0.84	0.93	-1	-1	-1	-1	-1	-1	-1	-1	-1	-1	-1	-1	-1	-1	-1	-1	-1	-1	-1	-1	-1	-1	-1	-1	-1	-1	-1	-1	-1	-1	-1	-1	-1	-1	-1	-1	-1	-1	-1	-1	-1	-1	-1	-1	-1	-1	-1	-1	-1	-1	-1	-1	-1	-1	-1	-1	-1	-1	-1	-1	-1	-1	-1	-1	-1	-1	-1	-1	-1	-1	-1	-1	-1	-1	-1	-1	-1	-1	-1	-1	-1	-1	-1	-1	-1	-1	-1	-1	-1	-1	-1	-1	-1	-1	-1	-1	-1	-1	-1	-1	-1	-1	-1	-1	-1	-1	-1	-1	-1	-1	-1	-1	-1	-1	-1	-1	-1	-1	-1	-1	-1	-1	-1	-1	-1	-1	-1	-1	-1	-1	-1	-1	-1	-1	-1
SRR22548184.cleaned	-1	-1	-1	-1	-1	-1	-1	-1	-1	-1	-1	-1	-1	-1	-1	-1	-1	-1	-1	-1	-1	-1	-1	-1	-1	-1	-1	-1	-1	-1	-1	-1	-1	1.0	1.0	1.0	0.96	0.89	1.0	0.37	0.88	0.73	0.9	0.9	0.76	0.79	0.68	0.79	0.95	0.95	0.89	0.95	0.88	0.93	0.88	0.94	0.05	0.98	0.94	0.65	0.98	0.91	0.96	0.97	0.89	0.88	0.97	-1	-1	-1	-1	-1	-1	-1	-1	-1	-1	-1	-1	-1	-1	-1	-1	-1	-1	-1	-1	-1	-1	-1	-1	-1	-1	-1	-1	-1	-1	-1	-1	-1	-1	-1	-1	-1	-1	-1	-1	-1	-1	-1	-1	-1	-1	-1	-1	-1	-1	-1	-1	-1	-1	-1	-1	-1	-1	-1	-1	-1	-1	-1	-1	-1	-1	-1	-1	-1	-1	-1	-1	-1	-1	-1	-1	-1	-1	-1	-1	-1	-1	-1	-1	-1	-1	-1	-1	-1	-1	-1	-1	-1	-1	-1	-1	-1	-1	-1	-1	-1	-1	-1	-1	-1	-1	-1	-1	-1	-1	-1	-1	-1	-1	-1	-1	-1	-1	-1	-1	-1	-1	-1	-1	-1	-1	-1	-1	-1	-1	-1	-1	-1	-1	-1
SRR22548185.cleaned	-1	-1	-1	-1	-1	-1	-1	-1	-1	-1	-1	-1	-1	-1	-1	-1	-1	-1	-1	-1	-1	-1	-1	-1	-1	-1	-1	-1	-1	-1	-1	-1	-1	1.0	1.0	1.0	0.99	0.84	1.0	0.32	0.98	0.73	0.91	0.91	0.8	0.77	0.73	0.86	0.94	0.95	0.88	0.97	0.91	0.94	0.93	0.92	0.03	0.99	0.92	0.66	1.0	0.91	0.92	0.93	0.89	0.91	0.94	-1	-1	-1	-1	-1	-1	-1	-1	-1	-1	-1	-1	-1	-1	-1	-1	-1	-1	-1	-1	-1	-1	-1	-1	-1	-1	-1	-1	-1	-1	-1	-1	-1	-1	-1	-1	-1	-1	-1	-1	-1	-1	-1	-1	-1	-1	-1	-1	-1	-1	-1	-1	-1	-1	-1	-1	-1	-1	-1	-1	-1	-1	-1	-1	-1	-1	-1	-1	-1	-1	-1	-1	-1	-1	-1	-1	-1	-1	-1	-1	-1	-1	-1	-1	-1	-1	-1	-1	-1	-1	-1	-1	-1	-1	-1	-1	-1	-1	-1	-1	-1	-1	-1	-1	-1	-1	-1	-1	-1	-1	-1	-1	-1	-1	-1	-1	-1	-1	-1	-1	-1	-1	-1	-1	-1	-1	-1	-1	-1	-1	-1	-1	-1	-1	-1
SRR22548186.cleaned	-1	-1	-1	-1	-1	-1	-1	-1	-1	-1	-1	-1	-1	-1	-1	-1	-1	-1	-1	-1	-1	-1	-1	-1	-1	-1	-1	-1	-1	-1	-1	-1	-1	1.0	1.0	1.0	0.98	0.89	1.0	0.38	0.93	0.76	0.91	0.92	0.77	0.79	0.67	0.78	0.94	0.94	0.9	0.95	0.88	0.92	0.92	0.93	0.05	1.0	0.95	0.65	1.0	0.9	0.95	0.95	0.81	0.77	0.9	-1	-1	-1	-1	-1	-1	-1	-1	-1	-1	-1	-1	-1	-1	-1	-1	-1	-1	-1	-1	-1	-1	-1	-1	-1	-1	-1	-1	-1	-1	-1	-1	-1	-1	-1	-1	-1	-1	-1	-1	-1	-1	-1	-1	-1	-1	-1	-1	-1	-1	-1	-1	-1	-1	-1	-1	-1	-1	-1	-1	-1	-1	-1	-1	-1	-1	-1	-1	-1	-1	-1	-1	-1	-1	-1	-1	-1	-1	-1	-1	-1	-1	-1	-1	-1	-1	-1	-1	-1	-1	-1	-1	-1	-1	-1	-1	-1	-1	-1	-1	-1	-1	-1	-1	-1	-1	-1	-1	-1	-1	-1	-1	-1	-1	-1	-1	-1	-1	-1	-1	-1	-1	-1	-1	-1	-1	-1	-1	-1	-1	-1	-1	-1	-1	-1
SRR22548187.cleaned	-1	-1	-1	-1	-1	-1	-1	-1	-1	-1	-1	-1	-1	-1	-1	-1	-1	-1	-1	-1	-1	-1	-1	-1	-1	-1	-1	-1	-1	-1	-1	-1	-1	1.0	1.0	1.0	0.97	0.94	1.0	0.5	0.99	0.66	0.95	0.96	0.82	0.8	0.66	0.77	0.89	0.9	0.9	0.91	0.93	0.94	0.95	0.93	0.04	1.0	0.94	0.62	1.0	0.95	0.97	0.96	0.83	0.84	0.89	-1	-1	-1	-1	-1	-1	-1	-1	-1	-1	-1	-1	-1	-1	-1	-1	-1	-1	-1	-1	-1	-1	-1	-1	-1	-1	-1	-1	-1	-1	-1	-1	-1	-1	-1	-1	-1	-1	-1	-1	-1	-1	-1	-1	-1	-1	-1	-1	-1	-1	-1	-1	-1	-1	-1	-1	-1	-1	-1	-1	-1	-1	-1	-1	-1	-1	-1	-1	-1	-1	-1	-1	-1	-1	-1	-1	-1	-1	-1	-1	-1	-1	-1	-1	-1	-1	-1	-1	-1	-1	-1	-1	-1	-1	-1	-1	-1	-1	-1	-1	-1	-1	-1	-1	-1	-1	-1	-1	-1	-1	-1	-1	-1	-1	-1	-1	-1	-1	-1	-1	-1	-1	-1	-1	-1	-1	-1	-1	-1	-1	-1	-1	-1	-1	-1
SRR22548188.cleaned	-1	-1	-1	-1	-1	-1	-1	-1	-1	-1	-1	-1	-1	-1	-1	-1	-1	-1	-1	-1	-1	-1	-1	-1	-1	-1	-1	-1	-1	-1	-1	-1	-1	1.0	1.0	1.0	1.0	0.88	1.0	0.56	0.96	0.74	0.93	0.93	0.79	0.72	0.65	0.75	0.94	0.95	0.85	0.97	0.91	0.92	0.95	0.93	0.07	1.0	0.89	0.7	1.0	0.93	0.95	0.96	0.81	0.86	0.95	-1	-1	-1	-1	-1	-1	-1	-1	-1	-1	-1	-1	-1	-1	-1	-1	-1	-1	-1	-1	-1	-1	-1	-1	-1	-1	-1	-1	-1	-1	-1	-1	-1	-1	-1	-1	-1	-1	-1	-1	-1	-1	-1	-1	-1	-1	-1	-1	-1	-1	-1	-1	-1	-1	-1	-1	-1	-1	-1	-1	-1	-1	-1	-1	-1	-1	-1	-1	-1	-1	-1	-1	-1	-1	-1	-1	-1	-1	-1	-1	-1	-1	-1	-1	-1	-1	-1	-1	-1	-1	-1	-1	-1	-1	-1	-1	-1	-1	-1	-1	-1	-1	-1	-1	-1	-1	-1	-1	-1	-1	-1	-1	-1	-1	-1	-1	-1	-1	-1	-1	-1	-1	-1	-1	-1	-1	-1	-1	-1	-1	-1	-1	-1	-1	-1
SRR22548189.cleaned	1.0	1.0	1.0	1.0	1.0	1.0	1.0	1.0	1.0	1.0	1.0	1.0	1.0	1.0	1.0	1.0	1.0	1.0	0.98	1.0	1.0	1.0	1.0	1.0	0.8	1.0	1.0	1.0	1.0	1.0	1.0	0.94	0.94	1.0	1.0	1.0	0.98	0.9	0.98	0.53	0.97	0.79	0.9	0.9	0.85	0.83	0.74	0.84	0.96	0.97	0.9	0.97	0.89	0.93	0.92	0.97	0.18	0.99	0.96	0.65	0.99	0.93	0.95	0.95	0.91	0.91	0.99	1.0	1.0	1.0	1.0	1.0	1.0	1.0	1.0	1.0	1.0	1.0	1.0	1.0	0.97	1.0	1.0	1.0	-1	1.0	1.0	1.0	1.0	1.0	1.0	0.0	1.0	1.0	1.0	1.0	1.0	1.0	1.0	1.0	1.0	0.97	1.0	1.0	1.0	1.0	1.0	0.98	1.0	1.0	1.0	1.0	0.0	1.0	0.64	1.0	1.0	1.0	1.0	1.0	1.0	1.0	1.0	1.0	1.0	0.5	1.0	1.0	1.0	1.0	1.0	1.0	1.0	1.0	1.0	1.0	1.0	0.0	0.48	1.0	0.65	1.0	1.0	1.0	1.0	1.0	0.98	1.0	1.0	1.0	1.0	1.0	1.0	1.0	1.0	1.0	0.98	1.0	1.0	1.0	0.98	1.0	1.0	1.0	1.0	0.98	1.0	0.98	1.0	1.0	0.98	1.0	1.0	1.0	1.0	1.0	1.0	1.0	1.0	1.0	0.98	1.0	1.0	1.0	1.0	1.0	1.0	1.0	1.0	1.0	1.0	1.0	1.0	1.0	1.0	1.0	1.0	1.0	1.0	1.0	1.0	-1
SRR22548190.cleaned	-1	-1	-1	-1	-1	-1	-1	-1	-1	-1	-1	-1	-1	-1	-1	-1	-1	-1	-1	-1	-1	-1	-1	-1	-1	-1	-1	-1	-1	-1	-1	-1	-1	1.0	1.0	1.0	0.94	0.87	1.0	0.33	0.93	0.77	0.88	0.88	0.77	0.8	0.73	0.85	0.95	0.95	0.91	0.95	0.9	0.9	0.9	0.94	0.03	1.0	0.95	0.69	1.0	0.91	0.94	0.94	0.88	0.88	0.96	-1	-1	-1	-1	-1	-1	-1	-1	-1	-1	-1	-1	-1	-1	-1	-1	-1	-1	-1	-1	-1	-1	-1	-1	-1	-1	-1	-1	-1	-1	-1	-1	-1	-1	-1	-1	-1	-1	-1	-1	-1	-1	-1	-1	-1	-1	-1	-1	-1	-1	-1	-1	-1	-1	-1	-1	-1	-1	-1	-1	-1	-1	-1	-1	-1	-1	-1	-1	-1	-1	-1	-1	-1	-1	-1	-1	-1	-1	-1	-1	-1	-1	-1	-1	-1	-1	-1	-1	-1	-1	-1	-1	-1	-1	-1	-1	-1	-1	-1	-1	-1	-1	-1	-1	-1	-1	-1	-1	-1	-1	-1	-1	-1	-1	-1	-1	-1	-1	-1	-1	-1	-1	-1	-1	-1	-1	-1	-1	-1	-1	-1	-1	-1	-1	-1
SRR22548191.cleaned	-1	-1	-1	-1	-1	-1	-1	-1	-1	-1	-1	-1	-1	-1	-1	-1	-1	-1	-1	-1	-1	-1	-1	-1	-1	-1	-1	-1	-1	-1	-1	-1	-1	1.0	1.0	1.0	0.98	0.86	0.98	0.29	0.94	0.78	0.92	0.92	0.77	0.83	0.76	0.84	0.89	0.91	0.9	0.94	0.93	0.93	0.93	0.93	0.05	0.99	0.91	0.76	0.99	0.9	0.92	0.93	0.82	0.86	0.88	-1	-1	-1	-1	-1	-1	-1	-1	-1	-1	-1	-1	-1	-1	-1	-1	-1	-1	-1	-1	-1	-1	-1	-1	-1	-1	-1	-1	-1	-1	-1	-1	-1	-1	-1	-1	-1	-1	-1	-1	-1	-1	-1	-1	-1	-1	-1	-1	-1	-1	-1	-1	-1	-1	-1	-1	-1	-1	-1	-1	-1	-1	-1	-1	-1	-1	-1	-1	-1	-1	-1	-1	-1	-1	-1	-1	-1	-1	-1	-1	-1	-1	-1	-1	-1	-1	-1	-1	-1	-1	-1	-1	-1	-1	-1	-1	-1	-1	-1	-1	-1	-1	-1	-1	-1	-1	-1	-1	-1	-1	-1	-1	-1	-1	-1	-1	-1	-1	-1	-1	-1	-1	-1	-1	-1	-1	-1	-1	-1	-1	-1	-1	-1	-1	-1
SRR22548192.cleaned	-1	-1	-1	-1	-1	-1	-1	-1	-1	-1	-1	-1	-1	-1	-1	-1	-1	-1	-1	-1	-1	-1	-1	-1	-1	-1	-1	-1	-1	-1	-1	-1	-1	1.0	1.0	1.0	0.97	0.81	1.0	0.31	0.94	0.79	0.91	0.91	0.78	0.83	0.75	0.86	0.94	0.95	0.88	0.95	0.89	0.93	0.9	0.93	0.03	1.0	0.92	0.7	1.0	0.9	0.92	0.93	0.88	0.88	0.91	-1	-1	-1	-1	-1	-1	-1	-1	-1	-1	-1	-1	-1	-1	-1	-1	-1	-1	-1	-1	-1	-1	-1	-1	-1	-1	-1	-1	-1	-1	-1	-1	-1	-1	-1	-1	-1	-1	-1	-1	-1	-1	-1	-1	-1	-1	-1	-1	-1	-1	-1	-1	-1	-1	-1	-1	-1	-1	-1	-1	-1	-1	-1	-1	-1	-1	-1	-1	-1	-1	-1	-1	-1	-1	-1	-1	-1	-1	-1	-1	-1	-1	-1	-1	-1	-1	-1	-1	-1	-1	-1	-1	-1	-1	-1	-1	-1	-1	-1	-1	-1	-1	-1	-1	-1	-1	-1	-1	-1	-1	-1	-1	-1	-1	-1	-1	-1	-1	-1	-1	-1	-1	-1	-1	-1	-1	-1	-1	-1	-1	-1	-1	-1	-1	-1
SRR22548193.cleaned	-1	-1	-1	-1	-1	-1	-1	-1	-1	-1	-1	-1	-1	-1	-1	-1	-1	-1	-1	-1	-1	-1	-1	-1	-1	-1	-1	-1	-1	-1	-1	-1	-1	1.0	0.98	1.0	0.93	0.86	1.0	0.25	0.95	0.83	0.95	0.94	0.73	0.81	0.68	0.87	0.94	0.95	0.88	0.97	0.92	0.94	0.92	0.95	0.03	0.99	0.92	0.72	1.0	0.86	0.87	0.87	0.85	0.88	0.95	-1	-1	-1	-1	-1	-1	-1	-1	-1	-1	-1	-1	-1	-1	-1	-1	-1	-1	-1	-1	-1	-1	-1	-1	-1	-1	-1	-1	-1	-1	-1	-1	-1	-1	-1	-1	-1	-1	-1	-1	-1	-1	-1	-1	-1	-1	-1	-1	-1	-1	-1	-1	-1	-1	-1	-1	-1	-1	-1	-1	-1	-1	-1	-1	-1	-1	-1	-1	-1	-1	-1	-1	-1	-1	-1	-1	-1	-1	-1	-1	-1	-1	-1	-1	-1	-1	-1	-1	-1	-1	-1	-1	-1	-1	-1	-1	-1	-1	-1	-1	-1	-1	-1	-1	-1	-1	-1	-1	-1	-1	-1	-1	-1	-1	-1	-1	-1	-1	-1	-1	-1	-1	-1	-1	-1	-1	-1	-1	-1	-1	-1	-1	-1	-1	-1
SRR22548194.cleaned	-1	-1	-1	-1	-1	-1	-1	-1	-1	-1	-1	-1	-1	-1	-1	-1	-1	-1	-1	-1	-1	-1	-1	-1	-1	-1	-1	-1	-1	-1	-1	-1	-1	1.0	0.97	1.0	0.95	0.8	0.99	0.3	0.95	0.82	0.94	0.94	0.78	0.79	0.75	0.85	0.9	0.91	0.92	0.95	0.9	0.93	0.94	0.92	0.03	0.99	0.94	0.71	1.0	0.89	0.91	0.91	0.81	0.87	0.91	-1	-1	-1	-1	-1	-1	-1	-1	-1	-1	-1	-1	-1	-1	-1	-1	-1	-1	-1	-1	-1	-1	-1	-1	-1	-1	-1	-1	-1	-1	-1	-1	-1	-1	-1	-1	-1	-1	-1	-1	-1	-1	-1	-1	-1	-1	-1	-1	-1	-1	-1	-1	-1	-1	-1	-1	-1	-1	-1	-1	-1	-1	-1	-1	-1	-1	-1	-1	-1	-1	-1	-1	-1	-1	-1	-1	-1	-1	-1	-1	-1	-1	-1	-1	-1	-1	-1	-1	-1	-1	-1	-1	-1	-1	-1	-1	-1	-1	-1	-1	-1	-1	-1	-1	-1	-1	-1	-1	-1	-1	-1	-1	-1	-1	-1	-1	-1	-1	-1	-1	-1	-1	-1	-1	-1	-1	-1	-1	-1	-1	-1	-1	-1	-1	-1
SRR22548195.cleaned	-1	-1	-1	-1	-1	-1	-1	-1	-1	-1	-1	-1	-1	-1	-1	-1	-1	-1	-1	-1	-1	-1	-1	-1	-1	-1	-1	-1	-1	-1	-1	-1	-1	1.0	0.86	0.93	0.96	0.89	0.89	0.37	0.92	0.88	1.0	0.98	0.61	0.91	0.64	0.91	0.82	0.93	0.89	0.96	0.9	0.99	0.93	0.89	0.15	0.95	0.96	0.91	0.95	0.9	0.86	0.88	0.91	0.99	0.9	-1	-1	-1	-1	-1	-1	-1	-1	-1	-1	-1	-1	-1	-1	-1	-1	-1	-1	-1	-1	-1	-1	-1	-1	-1	-1	-1	-1	-1	-1	-1	-1	-1	-1	-1	-1	-1	-1	-1	-1	-1	-1	-1	-1	-1	-1	-1	-1	-1	-1	-1	-1	-1	-1	-1	-1	-1	-1	-1	-1	-1	-1	-1	-1	-1	-1	-1	-1	-1	-1	-1	-1	-1	-1	-1	-1	-1	-1	-1	-1	-1	-1	-1	-1	-1	-1	-1	-1	-1	-1	-1	-1	-1	-1	-1	-1	-1	-1	-1	-1	-1	-1	-1	-1	-1	-1	-1	-1	-1	-1	-1	-1	-1	-1	-1	-1	-1	-1	-1	-1	-1	-1	-1	-1	-1	-1	-1	-1	-1	-1	-1	-1	-1	-1	-1
SRR22548196.cleaned	1.0	1.0	1.0	1.0	0.99	1.0	1.0	1.0	1.0	1.0	1.0	1.0	1.0	0.96	1.0	0.88	0.99	1.0	1.0	1.0	1.0	0.99	1.0	0.92	0.79	1.0	1.0	1.0	1.0	0.94	0.98	0.97	0.96	1.0	0.98	1.0	1.0	0.98	0.99	0.86	0.99	0.97	0.98	0.98	0.73	0.96	0.87	0.94	0.96	0.97	0.97	0.97	0.93	0.97	0.95	0.96	0.65	0.97	0.98	0.9	0.99	0.96	0.99	0.98	0.95	0.96	0.98	0.92	0.6	1.0	1.0	1.0	1.0	1.0	1.0	1.0	1.0	1.0	1.0	1.0	0.95	1.0	0.88	1.0	1.0	1.0	1.0	1.0	1.0	1.0	1.0	1.0	1.0	1.0	0.99	1.0	1.0	1.0	0.81	0.96	1.0	1.0	1.0	1.0	0.99	0.97	1.0	1.0	1.0	1.0	0.97	1.0	1.0	1.0	1.0	1.0	0.97	1.0	1.0	1.0	0.75	1.0	1.0	1.0	1.0	1.0	1.0	1.0	1.0	0.98	1.0	1.0	0.99	1.0	1.0	1.0	1.0	1.0	1.0	0.96	1.0	1.0	1.0	1.0	0.96	1.0	1.0	1.0	0.85	1.0	1.0	1.0	1.0	0.99	1.0	1.0	1.0	0.99	1.0	1.0	1.0	1.0	1.0	0.78	0.98	1.0	1.0	1.0	1.0	1.0	1.0	0.93	1.0	1.0	0.97	1.0	1.0	1.0	1.0	0.99	1.0	1.0	1.0	1.0	1.0	1.0	1.0	1.0	1.0	1.0	0.96	1.0	0.88	1.0	1.0	1.0	1.0	1.0	1.0	1.0	1.0	1.0
SRR22548197.cleaned	1.0	1.0	1.0	1.0	1.0	0.99	1.0	1.0	1.0	1.0	1.0	1.0	1.0	0.83	1.0	0.95	1.0	1.0	1.0	1.0	1.0	0.99	1.0	1.0	0.77	1.0	1.0	1.0	1.0	0.9	1.0	0.99	1.0	1.0	1.0	1.0	1.0	1.0	1.0	0.92	0.99	0.95	1.0	1.0	0.61	0.94	0.9	0.96	0.97	0.97	0.98	0.98	0.96	0.99	0.97	0.98	0.71	0.99	0.98	0.94	1.0	0.95	0.99	0.98	0.96	0.97	0.99	0.88	0.5	1.0	1.0	1.0	1.0	1.0	1.0	1.0	1.0	0.99	1.0	1.0	0.89	1.0	1.0	1.0	0.99	1.0	1.0	1.0	1.0	1.0	1.0	1.0	1.0	1.0	0.99	1.0	1.0	1.0	0.92	1.0	1.0	1.0	1.0	1.0	0.99	1.0	1.0	1.0	1.0	1.0	0.81	1.0	1.0	1.0	1.0	1.0	1.0	1.0	1.0	1.0	0.81	1.0	1.0	1.0	1.0	1.0	1.0	1.0	1.0	1.0	1.0	1.0	1.0	1.0	1.0	1.0	1.0	1.0	1.0	0.85	1.0	1.0	1.0	1.0	0.89	0.99	1.0	1.0	0.72	1.0	1.0	1.0	1.0	1.0	1.0	1.0	1.0	1.0	1.0	1.0	1.0	1.0	1.0	0.95	0.99	1.0	1.0	1.0	1.0	1.0	1.0	0.96	1.0	1.0	1.0	0.96	1.0	1.0	1.0	1.0	1.0	1.0	1.0	1.0	1.0	1.0	1.0	1.0	1.0	1.0	0.86	1.0	0.93	1.0	1.0	1.0	1.0	1.0	1.0	0.99	0.99	1.0
SRR22548198.cleaned	-1	-1	-1	-1	-1	-1	-1	-1	-1	-1	-1	-1	-1	-1	-1	-1	-1	-1	-1	-1	-1	-1	-1	-1	-1	-1	-1	-1	-1	-1	-1	-1	-1	1.0	1.0	1.0	0.94	0.83	1.0	0.31	0.98	0.74	0.94	0.95	0.79	0.82	0.73	0.83	0.92	0.94	0.92	0.96	0.94	0.91	0.92	0.94	0.02	1.0	0.95	0.72	1.0	0.9	0.91	0.92	0.75	0.79	0.96	-1	-1	-1	-1	-1	-1	-1	-1	-1	-1	-1	-1	-1	-1	-1	-1	-1	-1	-1	-1	-1	-1	-1	-1	-1	-1	-1	-1	-1	-1	-1	-1	-1	-1	-1	-1	-1	-1	-1	-1	-1	-1	-1	-1	-1	-1	-1	-1	-1	-1	-1	-1	-1	-1	-1	-1	-1	-1	-1	-1	-1	-1	-1	-1	-1	-1	-1	-1	-1	-1	-1	-1	-1	-1	-1	-1	-1	-1	-1	-1	-1	-1	-1	-1	-1	-1	-1	-1	-1	-1	-1	-1	-1	-1	-1	-1	-1	-1	-1	-1	-1	-1	-1	-1	-1	-1	-1	-1	-1	-1	-1	-1	-1	-1	-1	-1	-1	-1	-1	-1	-1	-1	-1	-1	-1	-1	-1	-1	-1	-1	-1	-1	-1	-1	-1
SRR3084252.cleaned	-1	1.0	1.0	1.0	-1	-1	-1	-1	-1	-1	-1	-1	-1	-1	-1	-1	-1	-1	-1	-1	-1	-1	-1	-1	-1	-1	-1	-1	-1	1.0	1.0	0.95	0.95	1.0	1.0	1.0	1.0	1.0	1.0	0.8	0.95	0.95	1.0	1.0	0.77	0.94	0.8	0.94	1.0	1.0	0.96	0.96	0.9	0.98	0.94	0.96	0.69	0.96	1.0	0.88	1.0	0.87	0.96	0.98	0.97	0.96	1.0	1.0	0.78	1.0	1.0	1.0	1.0	1.0	1.0	1.0	1.0	-1	-1	-1	-1	-1	-1	-1	-1	-1	-1	-1	1.0	1.0	1.0	1.0	1.0	1.0	-1	-1	-1	0.85	-1	-1	-1	-1	-1	-1	-1	-1	-1	-1	-1	-1	-1	-1	-1	-1	-1	-1	-1	-1	-1	-1	-1	1.0	1.0	1.0	1.0	1.0	-1	-1	-1	-1	-1	-1	-1	-1	-1	-1	-1	-1	-1	-1	-1	-1	-1	1.0	-1	-1	-1	-1	-1	-1	-1	-1	-1	-1	-1	-1	-1	-1	-1	-1	-1	-1	-1	-1	-1	-1	-1	-1	-1	-1	-1	-1	-1	-1	-1	-1	-1	-1	-1	-1	1.0	1.0	1.0	1.0	-1	-1	-1	-1	-1	-1	-1	-1	-1	-1	-1	-1	-1	-1	-1	-1	-1	-1
SRR3091579.cleaned	1.0	1.0	1.0	1.0	1.0	1.0	1.0	1.0	0.98	1.0	1.0	1.0	1.0	1.0	1.0	1.0	1.0	-1	-1	1.0	1.0	1.0	1.0	0.8	0.79	1.0	0.98	0.96	1.0	1.0	0.99	0.99	0.99	1.0	0.98	1.0	1.0	1.0	0.99	0.84	1.0	0.94	0.99	0.97	0.92	0.96	0.79	0.95	0.96	0.97	0.97	0.98	0.97	0.99	0.98	0.98	0.67	0.97	0.98	0.92	0.99	0.92	0.94	0.96	0.97	0.98	0.99	1.0	0.42	1.0	0.96	1.0	1.0	1.0	1.0	1.0	1.0	1.0	0.93	1.0	1.0	1.0	0.99	1.0	1.0	1.0	1.0	1.0	0.95	1.0	1.0	1.0	1.0	1.0	1.0	1.0	1.0	1.0	0.96	1.0	1.0	1.0	1.0	0.9	1.0	1.0	0.85	1.0	0.93	1.0	1.0	0.5	0.95	1.0	1.0	1.0	1.0	1.0	1.0	1.0	1.0	1.0	1.0	1.0	1.0	1.0	1.0	1.0	0.99	1.0	1.0	0.96	1.0	1.0	1.0	1.0	1.0	1.0	1.0	1.0	0.99	0.99	1.0	0.99	1.0	1.0	0.99	0.99	1.0	1.0	1.0	1.0	1.0	1.0	1.0	0.99	1.0	1.0	0.66	0.76	1.0	1.0	1.0	0.95	1.0	1.0	1.0	0.99	1.0	1.0	1.0	1.0	1.0	1.0	1.0	1.0	1.0	1.0	1.0	0.99	1.0	1.0	1.0	1.0	1.0	1.0	1.0	1.0	1.0	1.0	1.0	1.0	1.0	1.0	1.0	1.0	-1	-1	-1	-1	-1	-1
SRR3091605.cleaned	1.0	1.0	1.0	1.0	1.0	1.0	1.0	1.0	1.0	0.99	1.0	1.0	1.0	1.0	1.0	1.0	1.0	1.0	1.0	1.0	0.98	0.99	1.0	0.96	0.76	1.0	1.0	1.0	1.0	1.0	1.0	0.99	0.98	1.0	0.98	1.0	0.99	1.0	0.99	0.89	1.0	0.95	0.99	0.98	0.92	0.95	0.89	0.96	0.97	0.97	0.96	0.98	0.98	0.99	0.98	0.97	0.69	0.97	0.98	0.95	0.93	0.9	0.8	0.89	0.97	0.99	0.99	1.0	0.58	1.0	0.59	1.0	1.0	1.0	1.0	1.0	1.0	1.0	0.99	1.0	1.0	1.0	0.99	1.0	0.99	1.0	1.0	1.0	0.58	1.0	1.0	1.0	1.0	1.0	1.0	1.0	1.0	1.0	0.98	0.99	1.0	1.0	1.0	0.6	1.0	1.0	1.0	1.0	0.67	1.0	1.0	0.99	1.0	1.0	1.0	1.0	1.0	0.98	1.0	1.0	0.98	1.0	1.0	1.0	1.0	1.0	1.0	1.0	1.0	1.0	1.0	0.83	1.0	1.0	0.99	1.0	1.0	1.0	1.0	1.0	1.0	1.0	1.0	1.0	1.0	1.0	1.0	1.0	1.0	1.0	1.0	1.0	1.0	1.0	1.0	1.0	1.0	1.0	1.0	1.0	1.0	1.0	1.0	1.0	1.0	1.0	1.0	1.0	0.99	1.0	1.0	1.0	1.0	1.0	1.0	1.0	1.0	1.0	1.0	1.0	1.0	1.0	1.0	1.0	1.0	1.0	1.0	1.0	1.0	0.99	1.0	1.0	0.99	1.0	1.0	1.0	1.0	-1	-1	1.0	-1	-1
SRR3091655.cleaned	1.0	1.0	1.0	1.0	1.0	1.0	1.0	1.0	1.0	1.0	1.0	1.0	1.0	1.0	1.0	1.0	1.0	-1	-1	1.0	1.0	1.0	1.0	0.93	0.42	1.0	1.0	0.99	1.0	1.0	1.0	1.0	1.0	1.0	1.0	1.0	0.99	0.99	0.99	0.86	0.99	0.95	0.99	0.99	0.89	0.97	0.9	0.97	0.94	0.94	0.94	0.97	0.95	0.99	0.96	0.95	0.62	0.94	0.96	0.91	0.99	0.95	0.97	0.97	0.97	0.98	0.99	1.0	0.91	1.0	1.0	1.0	1.0	1.0	1.0	1.0	1.0	1.0	1.0	1.0	1.0	1.0	0.99	1.0	0.88	1.0	1.0	1.0	0.98	0.99	1.0	1.0	1.0	1.0	1.0	1.0	1.0	1.0	0.7	1.0	0.99	1.0	1.0	0.98	0.99	0.99	1.0	1.0	0.99	1.0	1.0	0.99	0.96	1.0	1.0	1.0	1.0	0.99	1.0	1.0	1.0	0.99	1.0	0.99	1.0	1.0	1.0	1.0	1.0	1.0	1.0	1.0	1.0	0.99	1.0	1.0	1.0	1.0	1.0	1.0	1.0	1.0	1.0	1.0	1.0	1.0	1.0	1.0	0.99	1.0	1.0	1.0	0.99	1.0	1.0	1.0	1.0	1.0	1.0	0.99	1.0	1.0	1.0	0.44	1.0	1.0	1.0	1.0	1.0	1.0	1.0	0.99	1.0	1.0	1.0	1.0	1.0	1.0	1.0	1.0	1.0	1.0	1.0	1.0	1.0	0.99	1.0	1.0	1.0	1.0	1.0	1.0	1.0	0.88	0.82	-1	-1	-1	-1	-1	-1	-1
SRR3585391.cleaned	1.0	1.0	1.0	1.0	1.0	1.0	1.0	1.0	1.0	1.0	1.0	1.0	1.0	1.0	1.0	1.0	1.0	1.0	1.0	1.0	1.0	1.0	1.0	1.0	0.89	1.0	1.0	1.0	1.0	1.0	1.0	0.98	0.98	1.0	0.97	1.0	0.98	0.99	0.97	0.91	0.99	0.93	0.98	0.98	0.82	0.93	0.88	0.94	0.99	0.99	0.99	1.0	0.99	0.99	0.98	1.0	0.66	0.98	0.99	0.91	0.98	0.99	0.95	0.95	0.99	1.0	1.0	1.0	1.0	1.0	1.0	1.0	1.0	1.0	1.0	1.0	1.0	1.0	1.0	1.0	1.0	1.0	1.0	1.0	-1	1.0	1.0	1.0	1.0	1.0	1.0	1.0	0.98	1.0	1.0	1.0	1.0	1.0	0.32	1.0	1.0	1.0	1.0	1.0	1.0	1.0	1.0	0.83	1.0	0.98	1.0	1.0	1.0	1.0	1.0	1.0	1.0	1.0	1.0	1.0	1.0	1.0	1.0	1.0	1.0	1.0	1.0	0.98	1.0	1.0	1.0	1.0	1.0	1.0	1.0	1.0	1.0	1.0	1.0	0.98	1.0	1.0	1.0	1.0	1.0	1.0	1.0	1.0	1.0	1.0	1.0	1.0	1.0	1.0	1.0	1.0	1.0	1.0	1.0	1.0	1.0	1.0	1.0	0.37	1.0	1.0	1.0	1.0	1.0	1.0	1.0	0.75	1.0	0.88	1.0	1.0	1.0	1.0	1.0	1.0	1.0	1.0	1.0	1.0	1.0	1.0	1.0	1.0	1.0	1.0	1.0	1.0	1.0	0.97	1.0	1.0	1.0	1.0	1.0	0.94	1.0	-1
SRR3585440.cleaned	1.0	1.0	1.0	1.0	1.0	1.0	1.0	1.0	1.0	1.0	1.0	1.0	1.0	1.0	1.0	1.0	1.0	1.0	1.0	1.0	0.81	1.0	0.83	0.83	0.85	0.88	1.0	1.0	1.0	1.0	1.0	1.0	1.0	1.0	1.0	1.0	1.0	1.0	1.0	0.87	1.0	0.96	1.0	1.0	0.86	0.89	0.84	0.89	1.0	1.0	1.0	1.0	0.94	0.98	0.93	0.97	0.62	0.98	1.0	0.99	0.99	0.95	0.93	0.89	0.94	1.0	1.0	1.0	1.0	1.0	1.0	1.0	1.0	1.0	1.0	1.0	1.0	1.0	1.0	1.0	1.0	1.0	1.0	1.0	1.0	1.0	1.0	1.0	1.0	1.0	0.98	1.0	1.0	1.0	1.0	0.98	1.0	1.0	0.64	1.0	1.0	1.0	1.0	1.0	1.0	1.0	1.0	1.0	0.98	1.0	1.0	1.0	0.98	1.0	1.0	1.0	1.0	1.0	1.0	1.0	1.0	1.0	1.0	1.0	1.0	1.0	1.0	1.0	0.72	1.0	1.0	1.0	1.0	1.0	1.0	1.0	1.0	1.0	1.0	1.0	1.0	1.0	1.0	1.0	1.0	1.0	1.0	1.0	1.0	1.0	1.0	1.0	0.23	1.0	1.0	1.0	1.0	1.0	1.0	1.0	1.0	1.0	1.0	0.65	1.0	1.0	1.0	1.0	1.0	1.0	1.0	1.0	0.98	1.0	1.0	1.0	1.0	1.0	1.0	0.98	1.0	1.0	1.0	1.0	1.0	1.0	1.0	1.0	1.0	1.0	1.0	0.98	1.0	1.0	1.0	1.0	0.99	1.0	1.0	0.81	1.0	0.87
SRR3585779.cleaned	1.0	1.0	1.0	1.0	1.0	1.0	1.0	1.0	1.0	1.0	1.0	1.0	1.0	1.0	1.0	1.0	1.0	1.0	1.0	1.0	1.0	0.93	1.0	1.0	0.84	1.0	0.83	0.86	1.0	1.0	1.0	0.96	0.93	1.0	0.96	0.98	0.98	1.0	0.98	0.88	1.0	0.96	0.98	0.93	0.81	0.88	0.75	0.86	0.98	0.98	1.0	0.98	0.95	0.98	0.98	0.91	0.71	0.98	1.0	0.92	1.0	0.9	0.9	0.96	0.96	0.96	0.98	1.0	1.0	1.0	1.0	1.0	0.88	1.0	1.0	1.0	1.0	1.0	1.0	1.0	1.0	1.0	1.0	1.0	-1	1.0	1.0	1.0	1.0	0.82	1.0	1.0	1.0	1.0	1.0	1.0	1.0	1.0	0.55	1.0	1.0	1.0	1.0	1.0	1.0	1.0	1.0	1.0	1.0	1.0	1.0	1.0	0.84	1.0	1.0	0.88	1.0	1.0	1.0	1.0	1.0	1.0	1.0	1.0	1.0	1.0	1.0	1.0	1.0	1.0	1.0	1.0	1.0	1.0	1.0	1.0	1.0	1.0	1.0	1.0	1.0	1.0	1.0	1.0	1.0	1.0	1.0	1.0	1.0	1.0	1.0	1.0	1.0	1.0	0.98	1.0	1.0	1.0	1.0	1.0	1.0	1.0	1.0	0.56	1.0	1.0	1.0	1.0	1.0	1.0	1.0	0.88	1.0	1.0	1.0	1.0	0.86	1.0	1.0	1.0	1.0	0.98	1.0	1.0	1.0	1.0	1.0	1.0	1.0	1.0	1.0	1.0	1.0	1.0	1.0	1.0	1.0	1.0	1.0	1.0	1.0	-1
SRR5491305.cleaned	-1	-1	-1	-1	-1	-1	-1	-1	-1	-1	-1	-1	-1	-1	-1	-1	-1	-1	-1	-1	-1	-1	-1	-1	-1	-1	-1	-1	-1	-1	-1	-1	-1	-1	-1	-1	-1	-1	-1	-1	-1	-1	-1	-1	-1	-1	-1	-1	-1	1.0	-1	-1	0.75	1.0	0.87	0.83	-1	-1	0.83	-1	-1	1.0	1.0	-1	-1	-1	-1	-1	-1	-1	-1	-1	-1	-1	-1	-1	-1	-1	-1	-1	-1	-1	-1	-1	-1	-1	-1	-1	-1	-1	-1	-1	-1	-1	-1	-1	-1	-1	-1	-1	-1	-1	-1	-1	-1	-1	-1	-1	-1	-1	-1	-1	-1	-1	-1	-1	-1	-1	-1	-1	-1	-1	-1	-1	-1	-1	-1	-1	-1	-1	-1	-1	-1	-1	-1	-1	-1	-1	-1	-1	-1	-1	-1	-1	-1	-1	-1	-1	-1	-1	-1	-1	-1	-1	-1	-1	-1	-1	-1	-1	-1	-1	-1	-1	-1	-1	-1	-1	-1	-1	-1	-1	-1	-1	-1	-1	-1	-1	-1	-1	-1	-1	-1	-1	-1	-1	-1	-1	-1	-1	-1	-1	-1	-1	-1	-1	-1	-1	-1	-1	-1	-1
SRR6425999.cleaned	-1	-1	-1	-1	-1	-1	-1	-1	-1	-1	-1	-1	-1	-1	-1	-1	-1	-1	-1	-1	-1	-1	-1	-1	-1	-1	-1	-1	-1	-1	-1	-1	-1	1.0	0.83	1.0	0.92	0.92	0.92	0.46	0.92	0.66	1.0	0.93	0.71	0.84	0.56	0.91	0.95	0.96	0.8	0.97	0.87	0.94	0.87	0.92	0.08	0.98	0.89	0.62	0.98	0.89	0.95	0.95	0.95	0.95	0.88	-1	-1	-1	-1	-1	-1	-1	-1	-1	-1	-1	-1	-1	-1	-1	-1	-1	-1	-1	-1	-1	-1	-1	-1	-1	-1	-1	-1	-1	-1	-1	-1	-1	-1	-1	-1	-1	-1	-1	-1	-1	-1	-1	-1	-1	-1	-1	-1	-1	-1	-1	-1	-1	-1	-1	-1	-1	-1	-1	-1	-1	-1	-1	-1	-1	-1	-1	-1	-1	-1	-1	-1	-1	-1	-1	-1	-1	-1	-1	-1	-1	-1	-1	-1	-1	-1	-1	-1	-1	-1	-1	-1	-1	-1	-1	-1	-1	-1	-1	-1	-1	-1	-1	-1	-1	-1	-1	-1	-1	-1	-1	-1	-1	-1	-1	-1	-1	-1	-1	-1	-1	-1	-1	-1	-1	-1	-1	-1	-1	-1	-1	-1	-1	-1	-1
