ID	spoink_217	spoink_370	spoink_794	spoink_1266	spoink_1278	spoink_1287	spoink_1290	spoink_1293	spoink_1314	spoink_1315	spoink_1316	spoink_1324	spoink_1326	spoink_1344	spoink_1350	spoink_1554	spoink_1558	spoink_1565	spoink_1566	spoink_1569	spoink_1571	spoink_1581	spoink_1584	spoink_1587	spoink_1593	spoink_1596	spoink_1831	spoink_1927	spoink_1929	spoink_1932	spoink_1941	spoink_1950	spoink_1956	spoink_1965	spoink_2001	spoink_2010	spoink_2031	spoink_2037	spoink_2040	spoink_2052	spoink_2061	spoink_2062	spoink_2067	spoink_2068	spoink_2070	spoink_2073	spoink_2130	spoink_2133	spoink_2138	spoink_2139	spoink_2145	spoink_2163	spoink_2181	spoink_2183	spoink_2190	spoink_2193	spoink_2196	spoink_2202	spoink_2211	spoink_2214	spoink_2217	spoink_2223	spoink_2226	spoink_2232	spoink_2238	spoink_2243	spoink_2248	spoink_2250	spoink_2268	spoink_2294	spoink_2298	spoink_2302	spoink_2307	spoink_2310	spoink_2313	spoink_2314	spoink_2328	spoink_2352	spoink_2355	spoink_2364	spoink_2377	spoink_2379	spoink_2387	spoink_2388	spoink_2391	spoink_2427	spoink_2430	spoink_2437	spoink_2451	spoink_2463	spoink_2482	spoink_2487	spoink_2493	spoink_2494	spoink_2505	spoink_2508	spoink_2509	spoink_2511	spoink_2520	spoink_2524	spoink_2526	spoink_2535	spoink_2562	spoink_2571	spoink_2577	spoink_2643	spoink_2649	spoink_2658	spoink_2661	spoink_2664	spoink_2670	spoink_2673	spoink_2676	spoink_2682	spoink_2683	spoink_2688	spoink_2691	spoink_2700	spoink_2703	spoink_2736	spoink_2742	spoink_2748	spoink_2760	spoink_2767	spoink_2768	spoink_2778	spoink_2784	spoink_2787	spoink_2805	spoink_2808	spoink_2814	spoink_2817	spoink_2820	spoink_2824	spoink_2837	spoink_2845	spoink_2847	spoink_2848	spoink_2850	spoink_2853	spoink_2886	spoink_2895	spoink_2898	spoink_2905	spoink_2906	spoink_2910	spoink_2913	spoink_2920	spoink_2922	spoink_2931	spoink_2982	spoink_2988	spoink_2994	spoink_3000	spoink_3006	spoink_3012	spoink_3015	spoink_3018	spoink_3027	spoink_3042	spoink_3228	spoink_3233	spoink_3241	spoink_3243	spoink_3247	spoink_3261	spoink_3267	spoink_3279	spoink_3283	spoink_3294	spoink_3295	spoink_3296	spoink_3297	spoink_3300	spoink_3312	spoink_3315	spoink_3333	spoink_3336	spoink_3339	spoink_3345	spoink_3348	spoink_3357	spoink_3364	spoink_3369	spoink_3387	spoink_3399	spoink_3401	spoink_3405	spoink_3412	spoink_3415	spoink_3423	spoink_3429	spoink_3432	spoink_3435	spoink_3438	spoink_3441	spoink_3444	spoink_3457	spoink_3462	spoink_3465	spoink_3483	spoink_3492	spoink_3506	spoink_3507	spoink_3509	spoink_3510	spoink_3519	spoink_3523	spoink_3531	spoink_3539	spoink_3543	spoink_3549	spoink_3552	spoink_3555	spoink_3567	spoink_3591	spoink_3614	spoink_3615	spoink_3622	spoink_3627	spoink_3629	spoink_3652	spoink_3656	spoink_3660	spoink_3667	spoink_3672	spoink_3679	spoink_3681	spoink_3699	spoink_3702	spoink_3705	spoink_3729	spoink_3734	spoink_3735	spoink_3741	spoink_3747	spoink_3750	spoink_3755	spoink_3756	spoink_3762	spoink_3765	spoink_3777	spoink_3784	spoink_3861	spoink_3870	spoink_3871	spoink_3873	spoink_3885	spoink_3891	spoink_3894	spoink_3897	spoink_3898	spoink_3906	spoink_3909	spoink_3924	spoink_3927	spoink_3945	spoink_3955	spoink_3957	spoink_3966	spoink_3978	spoink_3981	spoink_4334	spoink_4339	spoink_4415	spoink_4487	spoink_4637	spoink_4642	spoink_4675	spoink_4681	spoink_4684	spoink_4691	spoink_4694	spoink_4829	spoink_4831	spoink_4836	spoink_4844	spoink_4852	spoink_5084
SRR10728582.cleaned	-1	-1	-1	-1	-1	-1	-1	-1	-1	-1	-1	-1	-1	-1	-1	-1	-1	-1	-1	-1	-1	-1	-1	-1	-1	-1	-1	-1	-1	-1	-1	-1	-1	-1	-1	-1	0.23	0.17	0.09	0.17	-1	-1	-1	-1	-1	-1	0.0	0.0	0.9	0.0	0.0	0.0	-1	0.09	-1	-1	-1	-1	-1	-1	-1	-1	-1	0.14	0.13	0.11	0.88	0.08	0.07	0.08	0.04	1.0	-1	-1	-1	-1	-1	-1	-1	-1	0.08	0.08	0.17	0.15	0.15	0.05	0.05	0.05	0.05	0.0	-1	-1	-1	-1	-1	-1	-1	-1	0.0	0.0	0.0	0.0	0.0	0.0	0.0	-1	-1	-1	-1	-1	-1	-1	-1	-1	-1	0.0	1.0	1.0	0.0	0.0	0.0	0.0	-1	-1	-1	-1	-1	-1	-1	-1	-1	-1	-1	-1	0.97	0.97	0.03	0.03	0.07	0.03	0.04	0.0	0.0	0.92	0.91	-1	-1	-1	-1	-1	-1	-1	-1	-1	-1	-1	-1	-1	-1	-1	0.14	0.13	0.11	0.11	0.11	0.12	1.0	0.09	0.09	-1	-1	-1	-1	-1	-1	-1	-1	-1	-1	-1	-1	0.19	0.17	1.0	0.26	0.3	1.0	0.16	0.87	0.81	0.29	0.8	-1	-1	-1	-1	-1	-1	-1	-1	-1	-1	-1	-1	-1	-1	-1	-1	-1	-1	-1	-1	-1	-1	0.0	0.04	0.07	0.07	0.57	-1	-1	-1	-1	-1	-1	-1	-1	-1	-1	0.09	0.09	0.08	-1	-1	-1	-1	-1	-1	-1	-1	-1	-1	-1	-1	-1	-1	-1	-1	-1	-1	-1	-1	-1	-1	-1	-1	0.0	0.56	0.0	0.0	0.0	0.0	-1	-1	-1	-1	-1	1.0	1.0	1.0	1.0	-1	-1	-1	-1	0.08	0.08	0.0	-1
SRR1560087.cleaned	1.0	1.0	1.0	0.95	1.0	1.0	1.0	1.0	1.0	1.0	1.0	1.0	1.0	1.0	1.0	1.0	1.0	1.0	1.0	1.0	1.0	1.0	1.0	1.0	1.0	1.0	1.0	1.0	1.0	1.0	1.0	1.0	1.0	1.0	1.0	1.0	0.99	0.99	0.99	0.99	1.0	1.0	1.0	1.0	1.0	1.0	0.98	0.98	1.0	0.97	0.97	0.97	0.99	0.99	1.0	1.0	1.0	1.0	1.0	1.0	1.0	1.0	1.0	1.0	0.99	0.98	1.0	0.95	0.9	0.97	0.97	1.0	1.0	1.0	1.0	1.0	1.0	1.0	1.0	1.0	0.98	0.98	0.97	0.99	0.97	0.9	0.9	0.9	0.93	0.97	0.98	0.99	0.99	0.99	1.0	1.0	1.0	1.0	0.99	0.99	0.99	0.98	0.98	0.98	0.99	1.0	1.0	1.0	1.0	1.0	1.0	0.99	0.99	1.0	0.97	0.96	1.0	1.0	0.92	0.92	0.93	0.95	0.97	0.99	1.0	1.0	1.0	1.0	1.0	1.0	1.0	1.0	1.0	1.0	1.0	1.0	0.94	0.94	0.94	0.95	0.94	0.95	0.95	1.0	1.0	0.99	0.99	1.0	1.0	1.0	1.0	1.0	1.0	1.0	1.0	0.99	0.99	1.0	0.99	1.0	0.98	0.98	0.98	0.98	0.98	0.98	1.0	0.98	0.98	1.0	1.0	1.0	1.0	1.0	1.0	1.0	1.0	1.0	1.0	1.0	1.0	0.99	0.99	1.0	0.96	0.96	1.0	0.95	1.0	1.0	0.99	0.99	1.0	1.0	1.0	1.0	1.0	0.99	0.99	0.99	0.97	0.98	1.0	1.0	1.0	1.0	1.0	1.0	1.0	1.0	1.0	1.0	1.0	1.0	0.96	0.92	0.98	0.98	1.0	1.0	1.0	1.0	1.0	1.0	1.0	1.0	1.0	1.0	0.96	0.97	0.97	0.99	1.0	1.0	1.0	1.0	1.0	1.0	1.0	1.0	1.0	1.0	0.7	1.0	1.0	1.0	1.0	1.0	1.0	1.0	1.0	1.0	1.0	1.0	0.97	0.97	0.96	1.0	0.97	0.98	1.0	1.0	0.99	0.75	0.99	1.0	1.0	0.93	0.96	1.0	1.0	1.0	1.0	0.99	0.99	0.96	0.94	0.93	1.0
SRR1560095.cleaned	1.0	1.0	1.0	0.91	1.0	1.0	1.0	1.0	1.0	1.0	1.0	1.0	1.0	1.0	1.0	1.0	1.0	1.0	1.0	1.0	1.0	1.0	1.0	1.0	1.0	1.0	1.0	1.0	1.0	1.0	1.0	1.0	1.0	1.0	1.0	1.0	0.99	0.99	0.99	0.99	1.0	1.0	1.0	1.0	1.0	1.0	0.97	0.97	1.0	0.96	0.93	0.95	0.98	0.98	1.0	1.0	1.0	1.0	1.0	1.0	1.0	1.0	1.0	1.0	0.99	0.98	0.99	0.96	0.92	0.98	0.98	0.97	1.0	1.0	1.0	1.0	1.0	1.0	1.0	1.0	0.99	0.99	0.98	0.99	0.98	0.9	0.9	0.88	0.91	0.95	0.98	0.99	0.99	0.99	1.0	1.0	1.0	1.0	0.99	0.99	0.99	0.98	0.99	0.99	0.99	1.0	1.0	1.0	1.0	1.0	1.0	1.0	1.0	1.0	0.97	0.95	1.0	1.0	0.89	0.85	0.87	0.89	0.93	0.97	1.0	1.0	1.0	1.0	1.0	1.0	1.0	1.0	1.0	1.0	1.0	1.0	0.95	0.95	0.96	0.96	0.93	0.94	0.94	0.99	1.0	0.99	0.99	1.0	1.0	1.0	1.0	1.0	1.0	1.0	1.0	0.99	0.99	0.99	0.99	0.99	0.98	0.98	0.98	0.98	0.97	0.99	1.0	0.99	0.99	1.0	1.0	1.0	1.0	1.0	1.0	1.0	1.0	1.0	1.0	1.0	1.0	1.0	0.99	1.0	0.95	0.96	1.0	0.96	1.0	1.0	0.99	0.99	1.0	1.0	1.0	1.0	1.0	0.98	0.98	0.98	0.97	0.97	1.0	1.0	1.0	1.0	1.0	1.0	1.0	1.0	1.0	1.0	1.0	1.0	0.97	0.94	0.99	0.99	1.0	1.0	1.0	1.0	1.0	1.0	1.0	1.0	0.99	0.99	0.96	0.96	0.96	0.99	1.0	1.0	1.0	1.0	1.0	1.0	1.0	1.0	1.0	1.0	1.0	1.0	1.0	1.0	1.0	1.0	1.0	1.0	1.0	1.0	1.0	1.0	0.98	0.98	0.96	1.0	0.96	0.98	1.0	1.0	0.96	1.0	0.99	1.0	0.99	0.93	0.98	1.0	1.0	0.97	1.0	1.0	1.0	0.95	0.93	0.94	1.0
SRR1560103.cleaned	-1	1.0	1.0	0.65	1.0	1.0	1.0	1.0	0.98	0.98	0.98	0.98	0.98	0.96	0.98	0.97	0.97	0.97	0.97	0.97	0.97	0.97	1.0	0.99	1.0	1.0	1.0	1.0	1.0	1.0	1.0	1.0	1.0	0.98	0.95	0.95	0.95	0.94	0.94	0.94	0.99	0.99	0.99	0.99	0.99	0.99	0.97	0.95	0.98	0.94	0.93	0.9	0.96	0.96	0.96	0.96	0.95	0.96	1.0	1.0	1.0	0.96	0.96	0.96	0.94	0.94	1.0	0.94	0.92	0.97	0.97	1.0	0.98	0.98	0.98	0.98	0.98	0.98	0.98	0.96	0.94	0.94	0.94	0.94	0.94	0.89	0.89	0.87	0.85	0.88	0.88	0.89	0.92	0.92	1.0	1.0	1.0	1.0	0.96	0.95	0.97	0.95	0.96	0.96	0.99	1.0	0.95	0.97	0.97	0.97	1.0	0.89	0.89	1.0	0.9	0.9	1.0	1.0	0.86	0.92	0.93	0.93	0.97	0.97	1.0	1.0	1.0	1.0	1.0	1.0	1.0	1.0	1.0	1.0	1.0	1.0	0.96	0.96	0.96	0.96	0.96	0.97	0.97	1.0	1.0	0.97	0.98	1.0	0.99	0.99	0.99	0.99	0.98	0.98	0.98	0.97	0.98	0.98	0.98	0.98	0.93	0.93	0.93	0.94	0.93	0.91	1.0	0.97	0.97	0.99	0.99	0.99	0.99	0.98	0.99	0.98	0.98	0.98	0.98	0.94	0.94	0.89	0.87	1.0	0.82	0.86	1.0	0.87	1.0	1.0	0.88	1.0	0.96	0.96	0.96	0.95	0.95	0.91	0.91	0.92	0.95	0.96	1.0	1.0	1.0	1.0	1.0	1.0	0.99	0.98	0.98	0.97	0.99	0.97	0.97	0.97	1.0	1.0	1.0	1.0	1.0	1.0	1.0	1.0	0.97	0.96	0.96	0.97	0.96	0.97	0.96	0.97	1.0	1.0	1.0	1.0	1.0	1.0	1.0	1.0	1.0	1.0	1.0	0.98	0.98	0.98	0.98	0.96	0.96	0.96	0.96	0.96	0.94	0.94	0.95	0.95	0.98	1.0	0.97	1.0	1.0	1.0	0.86	1.0	0.66	1.0	0.93	0.92	0.96	1.0	1.0	1.0	1.0	0.86	0.83	0.74	0.75	0.77	-1
SRR1560108.cleaned	-1	1.0	0.89	0.75	1.0	1.0	1.0	1.0	1.0	1.0	1.0	1.0	1.0	1.0	1.0	1.0	1.0	1.0	1.0	1.0	1.0	1.0	1.0	1.0	1.0	1.0	1.0	1.0	1.0	1.0	1.0	1.0	1.0	1.0	0.99	1.0	0.99	0.99	0.99	0.99	1.0	1.0	1.0	1.0	0.99	1.0	0.97	0.97	1.0	0.95	0.95	0.97	1.0	1.0	1.0	1.0	1.0	1.0	1.0	1.0	1.0	1.0	1.0	1.0	0.97	0.95	1.0	0.88	0.87	0.99	0.99	1.0	1.0	1.0	1.0	1.0	1.0	1.0	1.0	1.0	0.99	0.99	0.99	0.99	0.99	0.86	0.86	0.84	0.91	0.95	0.98	0.99	1.0	1.0	1.0	1.0	1.0	1.0	0.98	0.98	0.98	0.97	0.98	0.99	1.0	1.0	1.0	1.0	1.0	1.0	0.99	0.99	0.99	0.99	0.95	0.91	0.99	0.99	0.88	0.89	0.92	0.91	0.95	0.97	1.0	1.0	1.0	1.0	1.0	1.0	1.0	1.0	1.0	1.0	1.0	1.0	0.97	0.96	0.97	0.97	0.92	0.93	0.94	1.0	1.0	0.99	0.99	1.0	1.0	1.0	1.0	1.0	1.0	1.0	1.0	1.0	1.0	1.0	1.0	1.0	0.97	0.97	0.97	0.97	0.96	0.99	1.0	0.99	0.99	1.0	1.0	1.0	1.0	1.0	1.0	1.0	1.0	1.0	1.0	1.0	1.0	1.0	0.97	1.0	0.86	0.86	1.0	0.86	1.0	1.0	0.96	1.0	1.0	1.0	1.0	1.0	1.0	1.0	1.0	1.0	0.97	0.97	1.0	1.0	1.0	1.0	1.0	1.0	1.0	1.0	1.0	0.99	1.0	0.99	0.91	0.86	0.97	0.97	1.0	1.0	1.0	1.0	1.0	1.0	1.0	1.0	1.0	1.0	0.93	0.93	0.93	0.97	1.0	1.0	1.0	1.0	1.0	1.0	1.0	0.99	1.0	1.0	1.0	1.0	1.0	1.0	1.0	1.0	1.0	1.0	1.0	1.0	0.99	0.99	0.95	0.95	0.9	0.99	0.92	0.95	1.0	1.0	1.0	1.0	0.98	0.9	1.0	0.93	0.98	1.0	1.0	0.98	1.0	0.96	0.96	0.89	0.88	0.89	-1
SRR1560132.cleaned	1.0	1.0	1.0	0.58	1.0	1.0	1.0	1.0	0.95	0.95	0.95	0.96	0.96	0.95	0.96	0.96	0.97	0.97	0.97	0.96	0.96	0.96	1.0	0.99	0.98	0.98	1.0	0.95	0.94	0.94	0.94	0.94	0.94	0.95	0.97	0.96	0.92	0.92	0.91	0.91	0.95	0.95	0.95	0.96	0.96	0.95	0.92	0.92	0.99	0.89	0.89	0.89	0.95	0.94	0.97	0.97	0.97	0.97	1.0	1.0	1.0	0.94	0.94	0.87	0.85	0.82	1.0	0.82	0.8	0.93	0.93	1.0	0.98	0.98	0.98	0.98	0.99	0.98	0.98	0.94	0.91	0.91	0.9	0.91	0.9	0.8	0.8	0.8	0.82	0.88	0.93	0.94	0.96	0.96	0.97	0.97	0.97	0.97	0.92	0.92	0.91	0.88	0.9	0.92	0.92	1.0	0.98	0.97	0.96	0.96	0.97	0.95	0.95	0.97	0.92	0.88	0.97	0.98	0.86	0.85	0.85	0.88	0.9	0.94	0.99	0.95	0.99	0.99	0.98	0.98	0.98	0.98	0.98	0.98	1.0	1.0	0.91	0.91	0.91	0.91	0.9	0.94	0.94	1.0	1.0	0.94	0.94	1.0	0.95	0.96	0.96	0.96	0.96	0.96	0.96	0.93	0.97	0.97	0.97	0.97	0.9	0.89	0.89	0.89	0.89	0.87	0.99	0.94	0.93	0.97	0.98	0.98	0.98	0.98	0.97	0.98	0.97	0.97	0.92	0.96	0.96	0.94	0.92	1.0	0.9	0.92	1.0	0.92	1.0	1.0	0.97	1.0	0.99	0.99	0.99	0.99	0.99	0.95	0.95	0.95	0.95	0.95	1.0	1.0	1.0	1.0	1.0	1.0	0.97	0.95	0.95	0.95	0.95	0.95	0.88	0.83	0.9	0.9	0.98	0.93	0.94	1.0	1.0	1.0	1.0	0.99	0.96	0.96	0.93	0.94	0.93	0.93	0.97	0.97	0.97	0.99	0.99	0.99	0.99	0.99	0.99	0.99	0.99	1.0	1.0	1.0	1.0	1.0	1.0	1.0	1.0	1.0	0.99	0.99	0.98	0.98	0.98	1.0	0.98	0.98	1.0	1.0	0.91	1.0	0.82	1.0	1.0	0.95	0.96	0.99	1.0	0.99	0.97	0.87	0.87	0.77	0.76	0.77	1.0
SRR1560147.cleaned	1.0	1.0	1.0	0.9	1.0	1.0	1.0	1.0	0.97	0.97	0.97	0.97	0.97	0.97	0.98	0.96	0.96	0.96	0.96	0.96	0.96	0.96	1.0	0.96	0.97	0.97	1.0	0.96	0.96	0.96	0.96	0.96	0.96	0.96	0.96	0.96	0.91	0.91	0.91	0.91	0.94	0.94	0.94	0.94	0.94	0.94	0.82	0.82	0.99	0.79	0.78	0.8	0.91	0.91	0.94	0.95	0.94	0.95	0.97	0.97	0.97	0.91	0.91	0.85	0.83	0.79	1.0	0.75	0.7	0.77	0.77	0.87	0.91	0.9	0.91	0.9	0.94	0.96	0.96	0.89	0.87	0.87	0.87	0.86	0.86	0.76	0.75	0.74	0.75	0.79	0.88	0.92	0.95	0.95	0.98	0.98	0.98	0.98	0.91	0.92	0.92	0.86	0.85	0.86	0.88	0.98	0.92	0.9	0.91	0.91	0.99	0.83	0.84	0.99	0.77	0.74	0.99	0.99	0.73	0.76	0.79	0.82	0.86	0.89	1.0	0.94	0.98	0.98	0.96	0.96	0.96	0.96	0.96	0.96	1.0	1.0	0.83	0.82	0.82	0.83	0.84	0.88	0.88	0.99	0.99	0.91	0.91	1.0	0.93	0.97	0.98	0.98	0.98	0.98	0.98	0.94	0.96	0.96	0.95	0.97	0.88	0.87	0.85	0.85	0.86	0.86	1.0	0.87	0.87	0.95	0.95	0.95	0.95	0.94	0.92	0.92	0.93	0.93	0.93	0.91	0.91	0.87	0.84	1.0	0.84	0.86	1.0	0.84	0.99	0.99	0.85	0.99	0.93	0.93	0.93	0.93	0.93	0.88	0.88	0.88	0.87	0.88	0.95	0.96	0.96	0.96	0.92	0.92	0.9	0.91	0.91	0.89	0.92	0.89	0.82	0.82	0.89	0.89	0.99	0.92	0.93	0.99	1.0	1.0	0.97	0.93	0.9	0.9	0.87	0.87	0.87	0.87	0.93	0.93	0.92	0.97	0.97	0.97	0.96	0.97	0.97	0.97	1.0	0.98	0.98	0.98	0.98	0.96	0.96	0.96	0.96	0.96	0.94	0.94	0.93	0.93	0.93	0.98	0.93	0.94	0.95	0.95	0.89	1.0	0.81	1.0	1.0	0.91	0.95	0.97	0.98	0.98	1.0	0.8	0.8	0.75	0.76	0.77	1.0
SRR1560148.cleaned	0.98	1.0	1.0	0.93	1.0	1.0	1.0	1.0	1.0	1.0	1.0	1.0	1.0	1.0	1.0	1.0	1.0	1.0	1.0	1.0	1.0	1.0	1.0	1.0	1.0	1.0	0.88	1.0	1.0	1.0	1.0	1.0	1.0	1.0	1.0	1.0	0.99	0.99	0.99	0.99	1.0	1.0	1.0	1.0	1.0	1.0	0.97	0.97	1.0	0.96	0.93	0.97	1.0	1.0	1.0	1.0	1.0	1.0	1.0	1.0	1.0	1.0	1.0	1.0	0.99	0.98	1.0	0.96	0.93	0.98	0.98	0.79	1.0	1.0	1.0	1.0	1.0	1.0	1.0	1.0	0.99	0.99	0.99	0.99	0.99	0.96	0.95	0.94	0.95	0.96	0.98	0.99	0.99	0.99	1.0	1.0	1.0	1.0	0.99	0.99	0.99	0.99	0.99	0.99	0.99	1.0	1.0	1.0	1.0	1.0	1.0	1.0	1.0	1.0	0.97	0.96	1.0	1.0	0.93	0.94	0.95	0.96	0.98	0.99	1.0	1.0	1.0	1.0	1.0	1.0	1.0	1.0	1.0	1.0	1.0	1.0	0.97	0.97	0.97	0.97	0.97	0.98	0.98	1.0	1.0	1.0	1.0	1.0	1.0	1.0	1.0	1.0	1.0	1.0	1.0	0.99	0.99	0.99	0.99	1.0	0.99	0.98	0.98	0.98	0.98	0.99	1.0	0.99	0.99	1.0	1.0	1.0	1.0	1.0	1.0	1.0	1.0	1.0	1.0	0.99	0.99	0.99	0.99	1.0	0.96	0.96	1.0	0.96	1.0	1.0	0.99	1.0	1.0	1.0	1.0	1.0	1.0	0.99	0.99	0.99	0.97	0.97	1.0	1.0	1.0	1.0	1.0	1.0	1.0	1.0	1.0	1.0	1.0	1.0	0.96	0.94	1.0	1.0	1.0	1.0	1.0	1.0	1.0	1.0	1.0	1.0	1.0	1.0	0.97	0.97	0.97	0.98	1.0	1.0	1.0	1.0	1.0	1.0	1.0	1.0	1.0	1.0	1.0	1.0	1.0	1.0	1.0	1.0	1.0	1.0	1.0	1.0	1.0	1.0	0.99	0.99	0.97	1.0	0.98	0.99	1.0	1.0	0.99	1.0	0.98	1.0	0.99	0.93	0.97	1.0	1.0	0.99	1.0	0.99	0.99	0.96	0.95	0.95	0.94
SRR1560268.cleaned	1.0	0.82	1.0	0.84	1.0	1.0	1.0	1.0	0.99	0.99	0.99	0.99	0.99	0.99	1.0	0.99	0.99	0.99	0.99	0.99	0.99	0.99	1.0	0.99	0.99	0.99	1.0	0.99	0.98	0.99	0.99	0.99	0.99	0.99	0.99	0.99	0.98	0.98	0.98	0.98	0.99	0.99	0.99	0.99	0.99	0.99	0.96	0.96	1.0	0.95	0.95	0.95	0.98	0.98	0.99	0.99	0.99	0.99	1.0	1.0	1.0	0.99	0.99	0.97	0.96	0.95	1.0	0.94	0.93	0.95	0.95	0.99	0.98	0.98	0.98	0.98	0.99	0.99	0.99	0.98	0.97	0.97	0.97	0.97	0.97	0.93	0.93	0.92	0.93	0.94	0.97	0.97	0.98	0.98	0.99	0.99	0.99	0.99	0.98	0.98	0.98	0.96	0.97	0.97	0.98	0.99	0.99	0.98	0.98	0.98	1.0	0.96	0.96	1.0	0.95	0.94	1.0	1.0	0.92	0.93	0.93	0.95	0.96	0.97	0.99	0.98	0.99	0.99	0.99	0.99	0.99	0.99	0.99	0.99	1.0	1.0	0.94	0.94	0.94	0.94	0.94	0.96	0.96	0.99	1.0	0.97	0.97	1.0	0.98	0.98	1.0	1.0	1.0	1.0	1.0	0.99	0.99	0.99	0.99	0.99	0.96	0.96	0.95	0.95	0.95	0.95	0.99	0.97	0.97	0.99	0.99	0.99	0.99	0.99	0.98	0.99	0.98	0.97	0.97	0.97	0.97	0.96	0.95	1.0	0.94	0.95	1.0	0.95	1.0	1.0	0.96	1.0	0.99	0.99	0.99	0.99	0.99	0.98	0.98	0.98	0.98	0.98	1.0	0.99	0.99	0.99	0.98	0.98	0.98	0.97	0.97	0.96	0.98	0.96	0.94	0.94	0.98	0.98	0.99	0.98	0.98	1.0	1.0	1.0	0.99	0.98	0.97	0.97	0.96	0.96	0.96	0.96	0.98	0.98	0.97	0.99	0.99	0.99	0.99	0.99	0.99	0.99	1.0	1.0	1.0	1.0	1.0	0.99	0.99	0.99	0.99	0.99	0.98	0.98	0.98	0.98	0.98	0.99	0.98	0.98	0.99	0.99	0.92	1.0	0.83	1.0	0.82	0.85	0.86	0.93	0.94	1.0	1.0	0.97	0.97	0.96	0.96	0.96	1.0
SRR1560275.cleaned	0.89	1.0	0.81	0.89	0.99	0.99	0.99	0.99	0.99	0.99	0.99	0.99	0.99	0.99	1.0	0.99	0.99	0.99	0.99	0.99	0.99	0.99	1.0	0.99	0.99	0.99	0.99	0.99	0.99	0.99	0.99	0.99	0.99	1.0	0.99	0.98	0.95	0.95	0.95	0.95	0.96	0.96	0.96	0.96	0.96	0.96	0.95	0.95	1.0	0.95	0.94	0.93	0.96	0.96	0.98	0.98	0.99	0.99	0.99	1.0	1.0	0.99	0.99	0.95	0.92	0.9	0.99	0.89	0.86	0.91	0.91	0.95	0.96	0.96	0.96	0.96	0.99	0.98	0.98	0.96	0.94	0.94	0.94	0.94	0.94	0.91	0.91	0.92	0.91	0.93	0.95	0.96	0.97	0.97	0.99	0.99	0.99	0.99	0.94	0.97	0.97	0.93	0.92	0.92	0.93	0.99	0.96	0.96	0.96	0.96	0.99	0.93	0.93	1.0	0.91	0.91	1.0	0.99	0.9	0.9	0.91	0.91	0.93	0.94	0.99	0.95	0.99	1.0	0.99	0.99	0.99	0.99	0.99	1.0	1.0	1.0	0.91	0.91	0.91	0.91	0.93	0.96	0.96	0.99	1.0	0.98	0.98	1.0	0.99	0.99	0.99	0.99	0.99	0.99	0.98	0.97	0.98	0.98	0.98	0.98	0.92	0.92	0.91	0.91	0.91	0.92	0.99	0.96	0.95	0.99	0.99	0.99	0.99	0.99	0.98	0.98	0.96	0.96	0.96	0.95	0.95	0.92	0.92	1.0	0.93	0.94	1.0	0.93	1.0	0.99	0.93	0.99	0.95	0.95	0.95	0.95	0.95	0.94	0.94	0.94	0.99	0.99	1.0	1.0	1.0	1.0	0.97	0.97	0.97	0.96	0.96	0.96	0.96	0.96	0.9	0.9	0.92	0.92	1.0	0.96	0.96	0.99	0.99	0.99	0.99	0.98	0.98	0.98	0.94	0.95	0.95	0.95	0.95	0.95	0.95	0.99	0.98	0.99	0.99	0.99	0.99	0.99	1.0	0.99	0.99	0.99	0.99	0.99	1.0	1.0	1.0	1.0	0.99	0.99	0.99	0.99	0.98	1.0	0.98	0.98	0.98	0.99	0.91	1.0	0.82	0.8	0.94	0.91	0.93	0.99	0.97	0.99	1.0	0.97	0.97	0.92	0.92	0.93	0.88
SRR19973828.cleaned	-1	-1	-1	-1	-1	-1	-1	-1	-1	-1	-1	-1	-1	-1	-1	-1	-1	-1	-1	-1	-1	-1	-1	-1	-1	-1	-1	-1	-1	-1	-1	-1	-1	-1	-1	0.0	0.0	0.0	0.0	0.0	-1	-1	-1	-1	-1	-1	0.0	0.0	0.86	0.0	0.0	0.0	0.0	0.0	-1	-1	-1	-1	-1	-1	-1	-1	-1	0.0	0.0	0.0	0.83	0.0	0.0	0.0	0.0	1.0	0.0	0.0	0.0	0.0	0.0	-1	-1	0.0	0.0	0.0	0.0	0.07	0.0	0.0	0.0	0.0	0.0	0.0	-1	-1	-1	-1	-1	-1	-1	-1	0.0	0.0	0.0	0.0	0.0	0.0	0.0	-1	-1	-1	-1	0.33	0.78	0.23	0.22	0.84	0.16	0.0	0.87	0.88	0.12	0.0	0.0	0.0	0.0	0.0	0.69	0.0	-1	-1	-1	-1	-1	-1	-1	-1	0.88	0.88	0.0	0.0	0.0	0.0	0.0	0.0	0.0	0.87	0.86	-1	-1	-1	-1	-1	-1	-1	-1	-1	-1	-1	-1	-1	-1	-1	0.0	0.0	0.0	0.0	0.0	0.0	0.82	0.0	0.0	0.0	0.0	0.0	0.0	0.0	0.0	0.0	0.0	0.0	0.0	0.0	0.0	0.0	0.0	1.0	0.04	0.09	0.73	0.0	0.92	0.92	0.11	0.88	-1	-1	-1	-1	-1	0.0	0.0	0.0	0.0	0.0	-1	-1	-1	-1	0.0	0.0	0.0	0.0	0.0	0.0	0.0	0.0	0.0	0.0	0.0	0.0	0.82	-1	-1	-1	-1	-1	-1	0.08	0.06	0.06	0.04	0.04	0.04	0.06	-1	-1	-1	-1	-1	-1	-1	-1	-1	-1	-1	-1	-1	-1	-1	-1	-1	-1	-1	-1	0.0	0.0	0.08	0.08	0.07	0.62	0.07	0.09	-1	-1	-1	-1	-1	-1	-1	0.96	1.0	0.83	0.94	0.74	1.0	0.0	0.0	0.0	0.0	0.0	-1
SRR6425993.cleaned	-1	-1	-1	-1	0.0	0.0	0.0	0.0	0.0	0.0	0.0	0.0	0.0	0.0	0.0	0.0	0.05	0.0	0.0	0.0	0.0	0.0	0.88	0.0	0.0	0.0	-1	0.0	0.0	0.0	0.0	0.0	0.0	0.0	0.0	0.0	0.0	0.0	0.0	0.0	0.0	0.0	0.0	0.05	0.0	0.0	0.0	0.0	0.96	0.0	0.0	0.0	0.0	0.0	0.02	0.02	0.0	0.06	0.0	0.07	0.0	0.04	0.02	0.0	0.0	0.0	1.0	0.0	0.0	0.0	0.0	1.0	0.01	0.0	0.0	0.01	0.0	0.0	0.06	0.01	0.0	0.0	0.0	0.33	0.01	0.0	0.02	0.0	0.0	0.0	0.0	0.0	0.0	0.01	0.58	0.0	0.0	0.02	0.0	0.0	0.0	0.0	0.01	0.0	0.0	0.0	0.0	0.38	0.0	0.16	0.9	0.12	0.12	0.91	0.09	0.01	0.94	0.95	0.05	0.0	0.0	0.0	0.0	0.0	0.95	0.0	0.0	0.05	0.0	0.0	0.0	0.0	0.0	0.0	0.97	0.97	0.0	0.0	0.0	0.0	0.0	0.0	0.01	0.86	1.0	0.02	0.0	0.89	0.0	0.0	0.0	0.0	0.0	0.84	0.84	0.0	0.16	0.16	0.0	0.09	0.0	0.0	0.0	0.0	0.05	0.0	0.98	0.0	0.0	0.12	0.04	0.0	0.11	0.09	0.0	0.0	0.0	0.0	0.0	0.04	0.0	0.1	0.0	0.86	0.02	0.02	1.0	0.0	0.97	0.91	0.04	0.96	0.1	0.12	0.16	0.08	0.08	0.0	0.0	0.0	0.01	0.0	0.0	0.0	0.0	0.0	0.0	0.0	0.0	0.0	0.0	0.0	0.04	0.01	0.0	0.2	0.0	0.0	0.94	0.0	0.06	0.0	0.0	0.0	0.02	0.0	0.0	0.0	0.0	0.01	0.0	0.0	0.0	0.0	0.0	0.0	0.0	0.0	0.0	0.0	0.0	0.0	-1	0.0	0.0	0.0	0.0	0.0	0.14	0.0	0.0	0.0	0.0	0.0	0.0	0.0	0.0	0.93	0.0	0.0	0.0	0.0	-1	-1	-1	-1	-1	0.96	1.0	0.9	0.85	1.0	0.7	0.0	0.0	0.0	0.0	0.02	-1
